CustomerID,Gender,Age,Tenure,MonthlyCharges,TotalCharges,InternetService,Contract,PaymentMethod,PaperlessBilling,Churn
1,Male,50,24,33.03751296232505,1172.2507258964022,Fiber optic,Two year,Electronic check,No,0
2,Female,73,22,74.24345332163885,2069.85772766413,DSL,One year,Credit card,No,0
3,Male,59,1,105.48619246573705,3325.321469231074,DSL,Month-to-month,Electronic check,Yes,0
4,Male,36,17,37.73651990814379,1005.8866584530426,Fiber optic,Two year,Electronic check,Yes,1
5,Male,31,3,68.79412335220792,271.96780197411226,DSL,One year,Bank transfer,Yes,0
6,Female,52,32,51.76035644406782,-4.008027126210891,Fiber optic,One year,Mailed check,No,0
7,Male,25,17,73.51774412386072,2070.169623089065,DSL,Month-to-month,Credit card,Yes,0
8,Male,72,27,65.38295554831504,-6.5201664468670515,No,Month-to-month,Bank transfer,No,1
9,Male,62,1,52.170261819113804,1202.1447576496616,DSL,Month-to-month,Credit card,Yes,1
10,Female,37,2,74.75744569742147,1849.8505496311686,Fiber optic,Two year,Credit card,Yes,1
11,Male,19,30,101.08696219573486,1648.1404294639312,Fiber optic,One year,Mailed check,Yes,1
12,Male,65,1,61.18192416545403,1840.3558913473378,No,One year,Electronic check,Yes,0
13,Male,43,1,79.39515884296364,1677.8318846406833,Fiber optic,One year,Mailed check,No,0
14,Male,63,0,39.134540842576726,2523.092650650715,DSL,Month-to-month,Mailed check,No,1
15,Female,21,72,45.871272463639826,738.1468954089625,DSL,One year,Bank transfer,No,0
16,Male,36,32,74.44812555760754,958.4038892331749,No,Two year,Mailed check,No,0
17,Female,45,10,94.6823205707193,881.8724437833408,Fiber optic,Month-to-month,Electronic check,Yes,1
18,Female,45,8,72.1122669757132,2164.153449490088,No,Month-to-month,Credit card,No,0
19,Female,38,10,58.73883938953691,2220.3188707160507,DSL,Month-to-month,Mailed check,No,0
20,Male,54,35,64.98582810846708,1860.9802554548064,No,Month-to-month,Credit card,No,1
21,Female,28,25,39.99184532060565,2446.7949335119424,Fiber optic,Two year,Mailed check,Yes,1
22,Male,42,4,77.09030652710733,557.5673060988954,No,One year,Credit card,No,0
23,Female,46,4,82.64666124646818,2833.7792892409097,Fiber optic,Two year,Mailed check,No,1
24,Female,52,2,55.958193343338394,2718.5908973698065,Fiber optic,One year,Bank transfer,Yes,0
25,Female,55,25,55.59915704480997,2088.4975977965973,DSL,Two year,Credit card,Yes,0
26,Female,28,34,70.31756459304097,2925.439127016848,DSL,Month-to-month,Mailed check,No,1
27,Female,21,7,56.265605279188094,174.701433857781,DSL,Month-to-month,Mailed check,No,1
28,Female,64,0,63.67734770748355,1080.4414909898785,Fiber optic,Two year,Bank transfer,Yes,0
29,Female,49,2,106.99443578333032,911.7572314544382,No,Two year,Bank transfer,No,1
30,Female,33,72,60.059485985080066,2077.1834590058747,Fiber optic,One year,Bank transfer,Yes,0
31,Male,68,8,57.83319695957556,659.8874083182835,DSL,Two year,Credit card,No,1
32,Male,46,35,52.049163887296814,2105.9961194699886,DSL,Two year,Credit card,No,0
33,Female,62,23,79.88383942999873,2596.4289151973708,No,One year,Bank transfer,No,0
34,Female,46,11,61.37551653563794,2056.1623200671993,DSL,One year,Electronic check,No,1
35,Female,75,5,52.01253923357148,1727.000818929201,DSL,One year,Electronic check,No,1
36,Male,71,3,91.42608064546025,709.7013272794006,DSL,Two year,Mailed check,Yes,1
37,Female,41,22,93.39206009027274,822.5192270997084,No,One year,Electronic check,Yes,1
38,Male,59,35,52.9915286852259,2499.6951242373334,Fiber optic,Month-to-month,Mailed check,No,0
39,Male,54,24,27.669200972787678,2123.479203124266,DSL,Month-to-month,Credit card,No,1
40,Male,65,18,85.15027379673845,1468.7843844979648,No,Month-to-month,Credit card,No,0
41,Male,30,1,51.30740348479992,1165.6723633872875,DSL,Two year,Electronic check,Yes,0
42,Male,55,72,80.81251198325538,-120.64629848910158,No,Month-to-month,Credit card,Yes,1
43,Female,60,38,25.597923645763288,643.3180650524489,DSL,Two year,Bank transfer,Yes,0
44,Female,18,8,82.85194676598618,3029.1352697117786,No,Two year,Bank transfer,Yes,1
45,Female,27,72,40.776561414384375,475.63554319802665,DSL,Month-to-month,Electronic check,Yes,1
46,Female,18,22,79.61528238133049,1651.5838569768646,Fiber optic,One year,Electronic check,Yes,1
47,Female,40,20,65.28546135672869,2305.955178556159,DSL,Two year,Mailed check,Yes,0
48,Male,55,33,45.921211612067104,496.06186559816604,No,Month-to-month,Credit card,Yes,0
49,Female,67,40,56.85927374146439,1647.7683798248665,DSL,Two year,Mailed check,No,0
50,Female,46,25,78.72636913913402,2250.332430008524,Fiber optic,One year,Mailed check,Yes,0
51,Male,69,3,67.11788906230468,1509.9994575258002,DSL,One year,Bank transfer,Yes,0
52,Female,24,9,76.68825960944969,3794.7224445334145,No,Month-to-month,Bank transfer,Yes,1
53,Male,19,63,104.52881169030971,165.12059289744388,No,Two year,Bank transfer,Yes,0
54,Female,44,6,33.71516776577897,2346.982823907103,Fiber optic,Two year,Bank transfer,No,0
55,Male,50,11,97.34425149937248,1361.7586100828285,No,Two year,Mailed check,Yes,0
56,Female,44,13,67.08711875046426,2117.53612386934,DSL,Two year,Bank transfer,No,0
57,Female,18,13,47.02431903353744,1853.0457213593968,DSL,Month-to-month,Credit card,No,0
58,Male,43,22,38.393727485220204,913.4750423120028,DSL,One year,Bank transfer,No,1
59,Male,25,68,61.21759218445933,1683.1971139674722,No,Month-to-month,Bank transfer,Yes,1
60,Male,55,6,83.4330022384892,13.678838881370211,DSL,Two year,Bank transfer,Yes,1
61,Male,50,3,62.449017592449316,1982.598000457115,DSL,Two year,Electronic check,Yes,1
62,Male,30,5,95.22309860494695,1738.5267727924206,DSL,One year,Credit card,No,1
63,Male,37,52,35.97648619896882,2010.928134914482,Fiber optic,Two year,Credit card,No,0
64,Male,29,24,64.7582210430789,2346.4946600697203,No,Month-to-month,Mailed check,No,0
65,Male,44,8,39.952131111737614,1794.0958721677687,No,Month-to-month,Mailed check,No,0
66,Female,59,40,72.27263765249936,1618.4715358386209,No,One year,Bank transfer,Yes,0
67,Female,30,47,82.737747801946,795.1453306709662,Fiber optic,Month-to-month,Electronic check,Yes,0
68,Male,52,44,56.584764126378936,930.2233890807593,No,Month-to-month,Mailed check,Yes,0
69,Female,37,60,12.915722867457319,2449.3876961418646,Fiber optic,Month-to-month,Mailed check,No,1
70,Female,33,6,68.97896293592989,2649.068324564783,Fiber optic,Month-to-month,Bank transfer,No,1
71,Female,43,33,73.73477103467019,1309.5116509503569,No,Two year,Bank transfer,Yes,0
72,Female,29,14,73.08589509923395,1536.8021978026193,DSL,Month-to-month,Mailed check,Yes,0
73,Male,36,44,89.71564383644308,776.3085000049872,DSL,One year,Mailed check,No,0
74,Female,27,31,43.578926407019026,2438.205476213956,No,One year,Credit card,Yes,1
75,Male,74,35,78.60432210900899,2032.333458953423,No,Month-to-month,Electronic check,Yes,0
76,Female,45,25,88.8501502495595,3052.9739491709993,Fiber optic,One year,Credit card,No,1
77,Female,34,4,29.428248319869667,797.3415382562089,No,Month-to-month,Mailed check,No,1
78,Female,48,18,71.39303651837955,1197.5936807854264,Fiber optic,One year,Credit card,No,0
79,Male,43,72,54.91640337984657,1685.1567380204579,No,One year,Credit card,Yes,0
80,Female,41,66,63.36954653796708,2017.1916301806166,DSL,Month-to-month,Mailed check,No,0
81,Male,54,1,71.95352967076673,1327.4658899618942,DSL,Month-to-month,Bank transfer,Yes,1
82,Female,56,4,55.255428717728954,801.6311276370396,No,Two year,Mailed check,Yes,1
83,Male,37,3,51.48583841676776,2205.126023138857,Fiber optic,Month-to-month,Bank transfer,No,0
84,Female,36,31,65.6830483497605,2076.9082900364656,DSL,Month-to-month,Mailed check,Yes,0
85,Male,40,40,43.25508122274395,766.98071954902,Fiber optic,Two year,Mailed check,No,0
86,Male,18,5,43.28349742229629,2584.354240884397,No,Month-to-month,Mailed check,No,1
87,Female,22,16,78.58746565913006,2436.158967357283,No,Month-to-month,Electronic check,Yes,0
88,Male,65,44,42.02411929682688,1607.4371977982344,DSL,Two year,Bank transfer,Yes,0
89,Female,69,31,78.32625001818424,1563.6782899008292,No,Month-to-month,Electronic check,No,0
90,Female,41,18,74.25182585707903,1943.2462168927257,DSL,Month-to-month,Mailed check,No,1
91,Female,53,21,30.483865424188068,810.6375437949935,Fiber optic,Two year,Credit card,No,0
92,Female,49,17,51.4487069532869,1524.0251833312657,DSL,Two year,Electronic check,No,0
93,Female,80,8,88.88218806094744,-221.90683568734426,DSL,One year,Bank transfer,No,1
94,Female,61,19,45.37668937720637,2201.1645164023485,Fiber optic,Month-to-month,Mailed check,No,0
95,Female,43,28,55.711914753812245,250.80542204651238,DSL,One year,Electronic check,Yes,0
96,Female,30,49,74.24121786503792,2702.7358627431995,DSL,One year,Credit card,Yes,0
97,Female,20,24,80.66781018565192,1235.9039248268398,No,Two year,Electronic check,Yes,1
98,Female,48,34,59.969222279110085,1330.6664144550584,Fiber optic,Month-to-month,Bank transfer,Yes,0
99,Female,33,4,53.049796106167165,997.8128751323954,DSL,Month-to-month,Electronic check,No,1
100,Male,23,14,93.44739723397015,1269.568900862339,Fiber optic,Two year,Credit card,Yes,1
101,Male,35,0,99.77799327595159,2634.825076118429,Fiber optic,One year,Credit card,Yes,1
102,Female,28,6,84.57716101563591,-490.24692522806345,DSL,Two year,Bank transfer,No,1
103,Female,70,31,66.70636285130048,2521.57230887055,No,Month-to-month,Credit card,Yes,0
104,Female,58,72,48.834685567181474,1770.4187848813665,Fiber optic,Two year,Mailed check,No,0
105,Female,44,2,48.39111186886869,534.3826817142276,DSL,Month-to-month,Credit card,No,1
106,Female,67,12,75.45028210531515,639.7500855606097,Fiber optic,One year,Mailed check,No,0
107,Female,46,38,73.36796441777368,2841.1144217665624,No,Month-to-month,Electronic check,No,0
108,Female,32,5,93.03197185892859,743.594496045815,No,One year,Mailed check,No,1
109,Female,67,19,78.00900185072278,577.3195915232325,No,One year,Mailed check,Yes,0
110,Male,53,31,34.93839396480364,2409.8516338917834,DSL,Month-to-month,Electronic check,Yes,1
111,Female,29,22,86.03895235445837,1770.8423010287315,DSL,Month-to-month,Credit card,Yes,1
112,Male,42,4,45.03878745371174,749.6595387708809,No,One year,Mailed check,No,0
113,Female,31,10,57.32057456095297,1673.2999803236953,DSL,Two year,Credit card,Yes,1
114,Female,24,36,70.00400412503389,679.3978530877782,No,Month-to-month,Electronic check,Yes,0
115,Male,58,19,104.9133497956793,2380.657118738084,DSL,One year,Bank transfer,Yes,1
116,Female,73,0,127.19837112010723,2349.0967718985066,No,One year,Credit card,Yes,1
117,Male,24,34,77.13446118272365,1925.6049590575544,Fiber optic,Two year,Credit card,No,1
118,Female,53,0,61.33606762559224,1789.3288489976132,No,Month-to-month,Bank transfer,Yes,1
119,Female,35,32,75.69011296961101,2908.950499893899,No,One year,Bank transfer,No,0
120,Male,37,5,82.75310851747672,1499.7490619105802,DSL,Two year,Electronic check,No,0
121,Female,36,72,58.586647488856165,554.5006996633591,DSL,One year,Credit card,Yes,0
122,Male,32,11,100.90422711824644,1859.5791302658454,DSL,Month-to-month,Credit card,No,1
123,Female,45,9,69.60141518382804,3168.837639629691,DSL,Two year,Electronic check,No,1
124,Male,32,3,74.95486178182789,688.1924054513183,DSL,One year,Credit card,No,0
125,Male,49,8,78.31848504108923,1210.8297866448115,DSL,Two year,Mailed check,No,0
126,Female,44,50,73.43173221228912,1833.1568304811622,Fiber optic,Month-to-month,Mailed check,No,0
127,Female,41,72,81.77881000939225,1456.8761207954087,No,Two year,Mailed check,No,0
128,Male,31,11,52.65493626906154,714.1571356981483,No,Month-to-month,Credit card,No,0
129,Female,36,14,53.833964921079385,2397.4862849843767,No,One year,Mailed check,Yes,1
130,Female,56,30,42.996915340566105,3356.0325776138075,Fiber optic,Month-to-month,Mailed check,Yes,0
131,Female,52,52,73.79002461240452,1656.9051672191258,No,One year,Electronic check,No,0
132,Male,30,21,80.57873007024229,776.7453682111998,Fiber optic,One year,Electronic check,No,0
133,Male,46,11,74.15545732303772,260.8315799572199,Fiber optic,Month-to-month,Bank transfer,Yes,1
134,Male,56,12,98.48984866695075,1706.3807849769446,Fiber optic,One year,Bank transfer,Yes,1
135,Male,19,28,64.88807962341907,2383.1018746530062,No,Two year,Bank transfer,Yes,0
136,Male,53,0,78.37483311185025,1880.1341971963052,Fiber optic,One year,Bank transfer,Yes,0
137,Male,35,23,43.16598247721372,1498.076927264917,No,Month-to-month,Electronic check,No,1
138,Male,53,10,57.25800595051198,1028.582678568555,No,Two year,Electronic check,No,1
139,Male,33,37,78.91075515131556,626.2690938255282,DSL,Two year,Electronic check,Yes,0
140,Male,18,2,81.98204221486287,2167.801061059906,DSL,One year,Mailed check,Yes,1
141,Female,20,21,59.12066104671636,2231.0172971084685,Fiber optic,One year,Mailed check,Yes,0
142,Male,45,15,63.56801496283866,263.41617064741354,Fiber optic,Month-to-month,Bank transfer,Yes,1
143,Female,48,24,34.64252506638381,2771.871182544547,No,Two year,Mailed check,No,0
144,Female,31,1,57.85941598386781,1959.256976715201,Fiber optic,Month-to-month,Credit card,Yes,1
145,Female,54,20,82.80766327039572,2619.6757161166347,Fiber optic,One year,Electronic check,Yes,0
146,Male,20,19,76.50410032213132,426.2978012119079,No,Two year,Bank transfer,Yes,0
147,Male,44,19,75.0133144276242,407.34067566764884,Fiber optic,Month-to-month,Bank transfer,No,0
148,Male,26,22,65.9954737436192,1380.8245521861625,Fiber optic,Month-to-month,Credit card,No,1
149,Male,35,27,65.14126317256353,1902.2275415161553,No,Month-to-month,Mailed check,No,1
150,Female,45,39,51.793577210531055,2937.088658341571,No,Month-to-month,Bank transfer,Yes,1
151,Male,32,7,78.9765684040507,2064.863131052105,DSL,Month-to-month,Mailed check,Yes,1
152,Male,39,41,73.4194588877878,1305.8549785503733,No,Two year,Mailed check,Yes,0
153,Male,60,16,74.84037695985599,678.9046338672863,DSL,Month-to-month,Credit card,No,1
154,Male,36,1,54.47930314664839,2484.00045817532,Fiber optic,Two year,Bank transfer,No,1
155,Male,57,1,21.933141602575112,728.2356593994282,No,Month-to-month,Mailed check,Yes,1
156,Female,28,9,86.94305423507392,2802.7748438178573,No,One year,Mailed check,Yes,1
157,Male,52,36,55.42325087983192,1272.4922803147924,No,One year,Credit card,No,0
158,Female,66,29,47.74448471913759,2772.46565809428,Fiber optic,Month-to-month,Credit card,Yes,0
159,Male,18,37,78.86957823827987,2043.1450320474228,DSL,One year,Mailed check,Yes,1
160,Female,33,17,57.15974720161741,1390.4036084460333,Fiber optic,Two year,Credit card,Yes,0
161,Male,53,13,86.19872768093244,1084.4829025390986,Fiber optic,Month-to-month,Mailed check,No,0
162,Male,41,3,77.34011899153396,1227.2736981231362,No,Two year,Bank transfer,Yes,1
163,Female,50,9,78.67138646400954,1842.65335390019,DSL,Month-to-month,Electronic check,Yes,0
164,Female,35,13,37.68088577598931,1561.7251969741733,Fiber optic,One year,Credit card,Yes,0
165,Female,46,2,89.23887970772802,1024.9508735450358,No,Two year,Electronic check,Yes,0
166,Male,42,5,70.22501062467713,1367.4948717458942,Fiber optic,One year,Mailed check,No,1
167,Female,62,21,57.61445721507594,1562.86162377532,Fiber optic,One year,Mailed check,No,0
168,Male,48,31,67.86776934684502,-202.98727553184972,No,Month-to-month,Mailed check,No,0
169,Male,50,72,29.475295342033604,1866.5344918309588,No,Two year,Electronic check,Yes,0
170,Female,38,64,73.17305622961342,716.2230202265546,DSL,One year,Mailed check,No,0
171,Female,37,24,44.41256983635857,577.334077435404,Fiber optic,Month-to-month,Credit card,Yes,0
172,Male,38,13,37.946594283129315,150.12452231143175,No,Month-to-month,Bank transfer,No,1
173,Male,50,24,34.55281627564218,64.8860017056877,No,Month-to-month,Bank transfer,Yes,0
174,Female,38,36,87.2537674997985,415.6419975101687,DSL,One year,Credit card,No,1
175,Female,49,3,52.41473212614423,932.7832338956076,DSL,Month-to-month,Bank transfer,No,1
176,Female,76,12,95.67455419832999,3062.6073100212543,No,Two year,Electronic check,No,0
177,Male,58,43,54.28397073895404,1079.296259283837,DSL,Two year,Mailed check,Yes,1
178,Male,40,11,30.852840848141064,1642.200085014425,No,One year,Mailed check,Yes,1
179,Male,63,20,42.66951120102682,1820.385109205063,Fiber optic,Two year,Mailed check,Yes,1
180,Male,38,21,89.71623240013878,1604.852148972679,DSL,Month-to-month,Electronic check,No,1
181,Male,18,4,61.88203644126665,1438.045231419205,Fiber optic,One year,Electronic check,Yes,1
182,Male,29,10,54.034254070187984,543.7649891206042,Fiber optic,Month-to-month,Electronic check,Yes,0
183,Female,18,9,68.20036451705576,2660.74203862337,Fiber optic,One year,Credit card,Yes,0
184,Male,39,0,75.0356547233509,2945.757314910308,No,One year,Electronic check,Yes,0
185,Male,45,0,87.34797631804922,153.8730447018513,Fiber optic,Month-to-month,Bank transfer,Yes,1
186,Male,70,42,93.96998459785853,680.7771272908964,Fiber optic,Two year,Credit card,Yes,1
187,Female,49,7,57.80462708421828,1276.151726098395,Fiber optic,Two year,Credit card,No,0
188,Male,41,17,38.479046278359235,728.3697640718469,No,One year,Credit card,No,0
189,Male,57,8,56.730696777534476,1904.7724427646922,Fiber optic,Month-to-month,Electronic check,Yes,1
190,Female,18,67,70.20561013165772,917.3822380747096,Fiber optic,Month-to-month,Credit card,No,0
191,Male,48,7,45.72482147578778,3232.044854245282,DSL,One year,Electronic check,No,1
192,Male,56,13,45.85698170209914,2452.438875474877,No,Two year,Electronic check,Yes,0
193,Male,22,49,71.87575763099771,1670.059224505772,Fiber optic,Month-to-month,Credit card,Yes,1
194,Male,62,44,64.02695296859098,2321.589010655786,DSL,Two year,Mailed check,No,0
195,Male,50,4,65.65593990823173,2384.720339485847,No,Two year,Mailed check,Yes,0
196,Female,38,38,49.83009330599861,1048.8420095534054,No,One year,Credit card,No,0
197,Female,54,14,60.39198571588465,847.0262043664281,No,One year,Mailed check,No,0
198,Female,79,15,46.51533711463391,1562.5144503757178,No,Two year,Bank transfer,No,0
199,Male,47,3,82.80396822249574,2189.3088995983553,No,Month-to-month,Bank transfer,Yes,1
200,Male,48,2,85.70498669447505,1611.2483189227341,No,Month-to-month,Electronic check,No,1
201,Male,38,31,28.076242755238127,238.4028142472023,Fiber optic,One year,Mailed check,Yes,0
202,Female,32,16,46.4097827961518,857.7404448393262,Fiber optic,Two year,Bank transfer,Yes,0
203,Male,57,13,35.06941489819842,1440.8217091244976,Fiber optic,Month-to-month,Credit card,Yes,0
204,Male,32,31,51.99952131186204,1439.4675165393357,Fiber optic,Month-to-month,Mailed check,Yes,0
205,Female,46,34,63.331240604192786,3078.0337414318465,DSL,One year,Bank transfer,Yes,0
206,Male,37,4,36.007095606029395,391.2096460808016,Fiber optic,Two year,Bank transfer,No,1
207,Female,52,22,46.56280373749374,1904.4713934686997,No,Month-to-month,Credit card,Yes,0
208,Female,50,3,44.92085255837003,2691.2904866626313,Fiber optic,One year,Electronic check,Yes,1
209,Female,60,33,69.14534658797888,3317.159796338237,Fiber optic,Month-to-month,Credit card,Yes,0
210,Male,37,25,66.386886740725,1176.482061452831,No,Month-to-month,Electronic check,Yes,1
211,Male,40,72,50.565248933254935,1893.1435621761598,Fiber optic,Month-to-month,Bank transfer,Yes,1
212,Male,30,1,68.53641744278796,1955.8082857589175,Fiber optic,One year,Electronic check,No,0
213,Male,38,1,54.06639830825469,1656.3853852426328,Fiber optic,Two year,Bank transfer,Yes,0
214,Male,50,7,59.56689779347894,1420.9238390085552,DSL,One year,Bank transfer,Yes,0
215,Male,56,7,98.46904180597073,1848.7803116000368,Fiber optic,Two year,Mailed check,No,1
216,Male,31,6,91.80922103580696,-525.7968681757482,No,Month-to-month,Electronic check,Yes,1
217,Female,58,56,39.00837526144805,2045.655592050105,No,Two year,Electronic check,No,0
218,Male,65,6,81.5946483575835,1600.9423229295737,Fiber optic,Month-to-month,Electronic check,No,1
219,Female,51,7,81.22793108983184,1322.0200825773877,Fiber optic,Month-to-month,Credit card,No,1
220,Male,73,34,42.034734224947634,3137.4897565756464,Fiber optic,One year,Mailed check,No,0
221,Male,33,14,81.37555287509721,960.0527849675582,No,Month-to-month,Mailed check,Yes,1
222,Male,26,35,95.75863836825106,1177.5392087479754,No,One year,Mailed check,Yes,0
223,Female,18,1,42.549103875111726,3093.242641763787,DSL,Two year,Credit card,No,0
224,Female,67,16,46.64994357971473,834.3509561201147,DSL,Two year,Electronic check,No,0
225,Female,54,0,85.35322933687004,1059.9077736507688,DSL,Month-to-month,Electronic check,Yes,1
226,Female,44,1,70.42990621651296,1382.3796612553201,No,One year,Electronic check,No,0
227,Male,49,56,76.02952550479047,2172.5875857036394,DSL,Month-to-month,Mailed check,No,1
228,Female,28,3,71.81178432800994,1666.2420058826508,Fiber optic,One year,Mailed check,No,1
229,Male,80,18,72.81391841856288,465.89972227819,Fiber optic,One year,Bank transfer,Yes,0
230,Male,46,12,38.47055743377834,1074.2651494982483,No,One year,Credit card,No,0
231,Female,46,10,85.94635413242897,1014.1164534302309,DSL,Two year,Credit card,Yes,1
232,Female,55,55,88.39179984855548,1438.2231638215635,Fiber optic,One year,Mailed check,Yes,1
233,Female,52,0,60.41218511863944,1840.6749269038633,No,Two year,Bank transfer,Yes,0
234,Female,48,26,64.13046100372276,1834.5646047103778,DSL,One year,Electronic check,No,1
235,Female,33,72,34.377849948885554,79.19059676127836,Fiber optic,Two year,Mailed check,No,0
236,Female,52,19,75.2850951203567,2351.152790048685,DSL,Two year,Credit card,Yes,0
237,Female,73,66,76.44114883428288,1702.0550767972989,No,Two year,Credit card,Yes,0
238,Female,65,1,63.75617966001378,2607.6256380751247,DSL,Month-to-month,Credit card,Yes,0
239,Male,68,13,87.48706719741006,1855.3586618325376,No,One year,Electronic check,No,0
240,Female,37,7,58.31845538040119,2381.05836618861,DSL,Month-to-month,Credit card,No,1
241,Female,30,31,76.29211851787201,1873.2362491601016,Fiber optic,One year,Electronic check,Yes,0
242,Male,43,72,44.60671322615769,2576.9806049621984,No,One year,Electronic check,Yes,0
243,Female,45,7,64.52895698251524,1917.800508814223,No,Month-to-month,Electronic check,No,0
244,Male,61,25,61.512914841943285,1421.6678028456768,No,Two year,Mailed check,Yes,0
245,Male,19,5,69.50615844081884,3317.9477763575055,DSL,One year,Electronic check,No,1
246,Female,67,19,57.60946142333283,2211.2296978239137,DSL,Two year,Bank transfer,No,0
247,Male,42,14,62.37054808656664,1958.9955368035305,Fiber optic,Month-to-month,Credit card,Yes,0
248,Male,38,72,81.52094342883012,478.9564667693312,No,Two year,Mailed check,Yes,0
249,Male,29,22,56.26471525523565,469.3539060291698,No,One year,Credit card,No,0
250,Male,20,10,32.868457985226414,1734.1723857134828,DSL,One year,Electronic check,No,1
251,Female,57,2,99.99167808410841,1616.4169582145926,DSL,One year,Mailed check,No,1
252,Male,46,3,92.62908157380973,1008.7019479933471,Fiber optic,Month-to-month,Bank transfer,No,1
253,Female,25,6,39.154746097887625,1612.786159689648,Fiber optic,One year,Electronic check,No,0
254,Male,25,6,78.79415610490389,2770.901542434877,DSL,Month-to-month,Credit card,Yes,1
255,Male,39,45,54.94050458897314,2056.321979640239,No,Two year,Bank transfer,No,0
256,Male,70,19,70.26974430662119,587.1931921978094,Fiber optic,One year,Electronic check,No,0
257,Male,41,17,70.88448258026988,1410.792938285645,DSL,One year,Bank transfer,No,0
258,Female,22,2,60.31184399367356,856.0268153179513,DSL,One year,Electronic check,Yes,1
259,Female,41,47,49.32468668827207,1189.840066873151,No,Two year,Mailed check,Yes,0
260,Male,40,30,51.18917895367481,1169.1074674962858,DSL,One year,Electronic check,No,0
261,Male,18,1,46.67616169037515,1117.8835339167958,DSL,Month-to-month,Mailed check,No,1
262,Female,44,29,48.363555835391104,495.8917024212841,Fiber optic,Two year,Electronic check,Yes,0
263,Male,41,18,63.65643419901289,1397.8762547854478,DSL,Two year,Electronic check,Yes,0
264,Male,55,2,50.68480021778497,1051.513890522152,DSL,Two year,Credit card,Yes,0
265,Male,72,14,78.64104131425239,-843.5589520018143,Fiber optic,Two year,Bank transfer,Yes,0
266,Female,61,15,94.74492310671855,3142.3776196013305,No,Two year,Bank transfer,No,1
267,Female,40,4,53.39893517259914,2371.0157233733376,No,Month-to-month,Bank transfer,Yes,1
268,Female,28,69,69.78809001070753,1198.9594200600031,Fiber optic,Two year,Electronic check,No,0
269,Male,80,45,74.99370220605867,1515.0552397924787,Fiber optic,One year,Electronic check,No,0
270,Male,45,26,74.4400454183855,562.6765221459506,No,Two year,Electronic check,Yes,0
271,Female,45,14,66.51910535832175,2856.578302248692,No,Two year,Mailed check,Yes,0
272,Female,44,12,79.85364836719445,3017.830955818489,No,Two year,Mailed check,Yes,0
273,Female,47,25,74.64497905361314,1625.3549825972198,No,Two year,Credit card,Yes,1
274,Female,42,18,40.24675155345405,2318.824515348276,No,Two year,Electronic check,No,0
275,Male,36,1,82.38312128778546,1640.2294231471392,Fiber optic,Month-to-month,Bank transfer,No,1
276,Female,36,17,82.74581674533485,430.6196488992555,DSL,Month-to-month,Bank transfer,No,0
277,Male,44,39,49.73427791642837,1170.5413048290743,No,Two year,Credit card,Yes,0
278,Female,36,14,65.75875670895203,1605.5423734175656,No,Month-to-month,Bank transfer,No,0
279,Male,34,1,78.66657985622139,1136.3618250052446,DSL,One year,Credit card,Yes,1
280,Female,46,37,60.81372360841277,1325.0773780519712,DSL,Two year,Electronic check,No,0
281,Female,41,5,86.45956095532023,1426.8803539927085,DSL,One year,Bank transfer,Yes,0
282,Female,67,7,112.27744989238721,1435.2972017076308,DSL,One year,Electronic check,No,0
283,Female,18,4,49.28027934730035,1541.8067923979866,DSL,Two year,Mailed check,No,1
284,Male,61,9,37.3791079369245,651.5159468827193,DSL,One year,Bank transfer,Yes,0
285,Female,63,33,71.07637191209751,926.3870806976511,Fiber optic,One year,Mailed check,No,0
286,Male,18,17,79.43125010252287,472.33258744002455,DSL,One year,Bank transfer,No,0
287,Male,39,5,60.38267252310462,2282.25243974896,DSL,Two year,Electronic check,Yes,1
288,Male,39,50,94.06521326642068,-184.51755347225958,Fiber optic,Two year,Credit card,Yes,1
289,Male,23,50,38.227884005535024,2422.8722746535404,DSL,One year,Electronic check,Yes,0
290,Female,33,49,78.85837246063222,2609.0795178102744,No,Two year,Electronic check,Yes,0
291,Male,28,6,52.882783584822135,1258.2555304139028,No,Two year,Electronic check,Yes,1
292,Male,71,14,99.38755812414593,-582.5096702618389,DSL,One year,Bank transfer,No,0
293,Male,59,72,104.85030706336237,1210.9515504261676,Fiber optic,Two year,Credit card,Yes,1
294,Female,64,35,49.666868244333045,1448.6526709689447,No,Month-to-month,Mailed check,No,0
295,Female,55,0,54.0088572818284,691.5214240568693,Fiber optic,Two year,Electronic check,No,1
296,Female,28,1,82.19175773959604,1087.8252849534058,No,Month-to-month,Bank transfer,Yes,1
297,Female,37,14,57.257387004209704,2724.1561590906813,DSL,One year,Mailed check,No,0
298,Male,52,57,64.09177564135524,2031.9417298413928,Fiber optic,Two year,Electronic check,No,0
299,Male,26,18,65.5077684108482,760.3487084975201,Fiber optic,One year,Mailed check,Yes,0
300,Female,55,16,26.606536876046874,221.92066432365436,Fiber optic,One year,Electronic check,No,0
301,Male,41,2,64.72324507811526,1238.386145912183,No,One year,Mailed check,Yes,1
302,Male,39,25,51.20544451871652,1329.2345765196494,No,One year,Mailed check,Yes,0
303,Male,55,41,55.13754355200456,1896.9593498906531,No,One year,Credit card,Yes,0
304,Female,51,11,93.87264006937627,1071.7466299458729,DSL,Two year,Credit card,No,1
305,Female,39,35,39.86986211441487,1909.1996602894892,No,Month-to-month,Electronic check,No,0
306,Male,62,72,81.26410373495955,3048.123232048183,DSL,Two year,Bank transfer,No,0
307,Female,28,5,59.420741393363826,2152.4008179554103,Fiber optic,Two year,Credit card,No,0
308,Female,54,17,59.40479663008331,1461.5291941353819,Fiber optic,Two year,Mailed check,Yes,0
309,Female,53,8,80.80743792103422,1353.4796231573641,DSL,Two year,Credit card,No,1
310,Female,40,37,71.8010258913778,1214.661492656103,No,Month-to-month,Credit card,Yes,0
311,Female,49,20,76.41225994439063,2444.5127299617156,DSL,Two year,Electronic check,No,0
312,Male,26,24,84.36369321065722,998.1492432389578,Fiber optic,One year,Credit card,No,1
313,Female,58,38,58.37383233633354,1536.178167199986,Fiber optic,Two year,Credit card,No,0
314,Male,42,12,52.755265309844994,1540.9583215048683,DSL,Two year,Mailed check,No,0
315,Male,37,59,43.29698946884404,1098.5726457507744,No,Month-to-month,Credit card,No,0
316,Female,60,18,48.4917894004209,402.02756169271925,No,Month-to-month,Mailed check,Yes,1
317,Male,34,4,123.9818885061745,1758.3796028941345,DSL,One year,Credit card,No,1
318,Male,23,28,89.89359161473573,1451.1968225156932,DSL,Two year,Credit card,No,0
319,Male,21,37,37.978512675839575,1900.1923755492558,No,Two year,Bank transfer,No,0
320,Female,54,9,38.5508408651286,1073.1197548486666,Fiber optic,Two year,Credit card,No,0
321,Female,25,46,74.63732123436984,2476.6570390504385,DSL,One year,Mailed check,Yes,0
322,Male,71,56,75.94529594755934,798.5809750305242,No,Month-to-month,Mailed check,No,0
323,Female,18,7,75.9776767063473,2869.6322272143143,No,One year,Electronic check,Yes,0
324,Female,70,72,59.900884128926045,101.89079213739069,Fiber optic,Two year,Electronic check,No,0
325,Female,48,3,62.490914799942,1847.816051645513,Fiber optic,Month-to-month,Bank transfer,Yes,1
326,Female,43,5,71.55759048318714,1880.3445460212988,Fiber optic,Month-to-month,Mailed check,Yes,1
327,Male,36,4,66.71786012586661,863.5543456472941,Fiber optic,One year,Mailed check,Yes,1
328,Male,50,53,20.6139925450493,1839.51515028881,Fiber optic,Month-to-month,Mailed check,Yes,0
329,Female,44,25,60.404007388496126,2523.614935808127,DSL,Month-to-month,Bank transfer,Yes,0
330,Female,61,3,47.97187131479373,-273.45507148325146,No,Two year,Mailed check,No,1
331,Male,46,13,68.50422837817024,1902.1958459926518,DSL,Two year,Electronic check,Yes,1
332,Male,47,22,124.7051800520682,-494.61665626406193,DSL,Month-to-month,Bank transfer,No,0
333,Female,39,2,72.34963330948608,727.4681571814335,DSL,Month-to-month,Electronic check,Yes,0
334,Male,44,51,58.72940627655204,2803.333091920756,DSL,One year,Electronic check,Yes,0
335,Female,49,39,83.43603003954505,1034.5743732863568,DSL,One year,Bank transfer,No,0
336,Female,19,16,74.65375774418425,560.896028472822,Fiber optic,Month-to-month,Credit card,Yes,0
337,Male,24,72,73.40188980903683,1341.6498168122546,Fiber optic,Two year,Credit card,Yes,0
338,Male,56,12,77.13701186431342,3154.325070530842,No,Month-to-month,Electronic check,Yes,0
339,Female,47,72,106.13087129659083,34.65420223517913,DSL,Month-to-month,Credit card,Yes,0
340,Female,42,26,42.38223129348169,658.9520706885244,No,Two year,Mailed check,No,0
341,Male,45,24,74.47264153622909,2697.945346543701,Fiber optic,Two year,Bank transfer,Yes,1
342,Female,50,4,46.47237740036923,2986.161874830186,Fiber optic,One year,Electronic check,Yes,1
343,Male,36,51,76.11025292684496,1417.2550205677728,Fiber optic,One year,Mailed check,No,1
344,Female,33,13,46.626269770278114,508.757837978686,DSL,One year,Credit card,No,0
345,Male,47,4,56.652663727898315,3176.674801447327,DSL,One year,Mailed check,Yes,1
346,Male,30,0,59.09820171524187,2775.5539133993575,Fiber optic,Two year,Credit card,Yes,0
347,Male,51,19,84.51633438689419,2043.1575902097863,No,Month-to-month,Electronic check,No,1
348,Female,19,17,83.36908887884827,850.078120850064,No,One year,Mailed check,Yes,0
349,Female,60,30,40.08565247107231,1460.7765273295706,Fiber optic,One year,Bank transfer,No,0
350,Male,52,53,66.09868221999697,1371.7119351641354,No,Two year,Electronic check,Yes,0
351,Female,48,1,50.80840290501655,1764.6810436924623,Fiber optic,Two year,Mailed check,No,0
352,Male,59,31,39.82990178649331,2660.801150505069,No,Month-to-month,Mailed check,No,0
353,Male,69,4,60.65965899151259,2203.5336329099227,Fiber optic,Month-to-month,Credit card,No,0
354,Female,60,46,58.830344230883604,638.0991384121934,No,Two year,Electronic check,Yes,1
355,Female,18,41,113.53432972691044,2601.1971600156303,DSL,One year,Electronic check,Yes,1
356,Male,25,18,73.65919650721392,1750.5057120105243,Fiber optic,One year,Electronic check,Yes,0
357,Female,35,29,37.44764998491526,2049.652636687133,Fiber optic,One year,Electronic check,Yes,0
358,Female,45,9,53.704519916581155,2673.232687422882,No,Month-to-month,Credit card,No,1
359,Male,52,15,85.42766590858797,610.7358003891591,Fiber optic,One year,Bank transfer,No,0
360,Male,34,41,106.7688554573985,1471.3395370348296,Fiber optic,One year,Electronic check,No,1
361,Female,47,14,33.28033375524083,1074.836358912628,Fiber optic,Two year,Credit card,Yes,0
362,Male,33,10,27.4015122972191,245.7124597076354,DSL,One year,Bank transfer,Yes,0
363,Male,35,16,102.41930350743564,1777.3679820839359,DSL,Two year,Bank transfer,Yes,0
364,Female,23,42,72.79228354741808,3509.245241267539,No,One year,Credit card,No,0
365,Male,31,9,47.63414536247267,27.937804395397734,DSL,Month-to-month,Electronic check,Yes,0
366,Male,24,4,75.69258172244871,1474.1755111604236,No,One year,Bank transfer,Yes,0
367,Female,30,29,12.285045219662443,2012.4343480598186,DSL,One year,Electronic check,No,0
368,Female,60,41,65.06751013194322,1598.462561324945,No,Two year,Electronic check,No,0
369,Male,30,2,71.55642345686171,1409.4975579874076,DSL,Two year,Mailed check,Yes,0
370,Male,80,6,83.4854027907566,460.6269092433406,DSL,Two year,Electronic check,No,1
371,Female,52,3,44.72208095414925,1686.2293943521308,No,One year,Mailed check,Yes,0
372,Female,47,10,66.71374322806719,894.5888183872589,Fiber optic,One year,Bank transfer,No,1
373,Female,32,14,46.49150747880825,-251.93736398284273,Fiber optic,Month-to-month,Credit card,No,0
374,Female,55,33,70.10767511348634,2455.673776410985,DSL,One year,Mailed check,No,0
375,Male,36,25,47.09307355273952,2266.7086558736337,No,Month-to-month,Credit card,Yes,0
376,Female,46,23,56.837983216795585,1541.3287814808639,Fiber optic,Two year,Bank transfer,Yes,0
377,Female,80,10,45.08369210419542,1683.259750564562,No,Two year,Electronic check,Yes,1
378,Male,43,44,78.02272483647315,2359.454410172449,Fiber optic,Two year,Bank transfer,No,0
379,Female,62,15,82.16902233313331,1679.471725422466,No,Month-to-month,Credit card,No,0
380,Male,34,72,60.30758860085172,2223.2140438090514,DSL,One year,Bank transfer,No,1
381,Female,44,24,65.76475989920057,1262.0142393009198,No,Two year,Electronic check,No,0
382,Female,71,3,36.02817170732912,2549.586990859157,Fiber optic,One year,Bank transfer,Yes,0
383,Female,35,27,59.00646703986426,1756.6285807461472,DSL,One year,Electronic check,Yes,0
384,Male,72,9,63.995907659165105,1655.2415548846993,No,Two year,Mailed check,Yes,1
385,Male,55,27,117.4158618205995,483.9511290303743,Fiber optic,Month-to-month,Credit card,No,0
386,Female,36,1,42.76065948451673,1729.564683441367,DSL,One year,Electronic check,No,0
387,Male,54,4,94.28354477504875,834.4360660044391,No,Two year,Electronic check,Yes,1
388,Male,59,46,84.93717546931616,989.3738187772046,Fiber optic,One year,Bank transfer,No,1
389,Male,54,6,70.61272808980273,847.6994973471031,No,One year,Mailed check,Yes,0
390,Male,21,43,100.17240968390267,647.01205448062,No,One year,Electronic check,No,1
391,Male,34,7,72.44210945213726,3199.8171224135695,DSL,One year,Mailed check,No,0
392,Male,41,24,72.78318391335857,2565.071249590723,DSL,One year,Mailed check,Yes,0
393,Female,43,28,63.937586939649094,3036.2940017154087,Fiber optic,Month-to-month,Bank transfer,Yes,0
394,Female,54,17,89.47137764837255,521.6839843555489,DSL,Month-to-month,Electronic check,No,0
395,Male,47,8,86.92938467621767,1557.002999928714,Fiber optic,Two year,Bank transfer,Yes,1
396,Female,24,5,52.48645425007575,465.1938998367234,No,Month-to-month,Credit card,Yes,1
397,Female,50,0,38.61505610802465,943.4440982423488,No,Month-to-month,Credit card,No,0
398,Female,54,8,60.94038725208686,765.4984132667402,Fiber optic,Month-to-month,Electronic check,No,1
399,Female,53,25,48.99922871204707,2491.667205153249,No,One year,Mailed check,No,0
400,Male,61,66,63.7295085076929,1183.016257518592,DSL,One year,Electronic check,Yes,0
401,Female,57,49,89.74876269368278,2354.703466955213,No,Two year,Electronic check,No,0
402,Female,51,34,55.853966898264204,1983.2967116708144,DSL,Two year,Credit card,No,0
403,Male,43,37,64.14353237376851,3342.9110016838313,Fiber optic,Two year,Credit card,No,0
404,Male,20,26,66.1604546961679,316.4446214882207,Fiber optic,One year,Mailed check,No,1
405,Female,51,7,81.96861764410569,2507.386591829439,No,Month-to-month,Mailed check,No,1
406,Female,48,57,20.062213320307897,2417.152696320582,No,Month-to-month,Electronic check,Yes,0
407,Female,49,26,52.86599410469407,721.2969295783723,DSL,One year,Bank transfer,No,0
408,Female,25,19,69.22567384558945,2305.7066691785276,DSL,Two year,Electronic check,No,0
409,Female,28,2,89.00157912853723,1768.915970420983,No,Two year,Mailed check,Yes,1
410,Female,60,14,55.161951049875896,1318.0189920372738,No,Two year,Bank transfer,No,0
411,Male,44,14,27.46894587916252,840.8516104224003,Fiber optic,One year,Credit card,No,0
412,Female,55,47,77.39422891932273,924.7124388406513,Fiber optic,Two year,Mailed check,Yes,0
413,Female,45,18,52.29275222348741,3139.849676628741,Fiber optic,Two year,Mailed check,No,0
414,Male,45,11,41.20666681819277,1500.5462551659862,No,One year,Bank transfer,Yes,1
415,Male,59,72,52.51309220573552,2125.7040012251673,No,Month-to-month,Mailed check,No,0
416,Male,37,2,61.30949284688301,867.2804946659575,No,One year,Mailed check,Yes,1
417,Male,46,13,52.905106709235746,876.117643022689,Fiber optic,One year,Mailed check,Yes,0
418,Female,38,1,20.888678858018615,2365.5878473999537,No,One year,Mailed check,No,1
419,Female,38,32,82.94132393774265,420.33903075877424,DSL,One year,Mailed check,Yes,1
420,Female,40,60,90.49750082557445,1167.8289856757829,No,Month-to-month,Mailed check,Yes,0
421,Female,48,7,78.03043982679011,1527.2219288577855,No,Two year,Mailed check,No,1
422,Female,37,46,42.24628659150367,1589.098081472042,No,One year,Mailed check,No,0
423,Female,63,8,60.97016932104964,1356.725371987075,No,Month-to-month,Credit card,Yes,0
424,Male,31,57,64.86957369541084,1816.6558248767385,No,Two year,Mailed check,No,0
425,Female,42,33,76.97588779123821,2054.284604654249,DSL,Two year,Credit card,Yes,0
426,Male,38,39,78.36680977436161,2087.710036367464,DSL,Two year,Credit card,Yes,0
427,Male,66,0,50.31652402443008,711.3569530657387,No,One year,Electronic check,No,1
428,Female,47,72,66.63991112827121,1272.6759216569621,Fiber optic,One year,Electronic check,No,0
429,Male,60,31,74.14560809230483,2455.81028950155,No,Two year,Credit card,Yes,0
430,Female,22,8,94.11644644293533,2215.717750059098,No,Two year,Credit card,No,1
431,Male,49,42,79.09013079649446,401.71243881514897,No,Two year,Mailed check,No,0
432,Female,58,7,80.78113374751038,1781.1839202817614,Fiber optic,Two year,Electronic check,Yes,1
433,Male,46,49,66.67653255858721,-82.58019949984828,Fiber optic,Two year,Bank transfer,Yes,0
434,Female,60,2,93.20918290407008,1537.5479216482956,Fiber optic,Two year,Electronic check,Yes,0
435,Female,37,29,73.19525591918995,3018.2136133967815,DSL,Month-to-month,Credit card,Yes,0
436,Female,66,18,47.77824179652859,741.6858261848109,Fiber optic,Two year,Credit card,Yes,0
437,Female,79,2,93.06739940250381,832.5415636067344,DSL,One year,Mailed check,Yes,0
438,Female,39,6,78.95806545078055,2111.2238252582874,DSL,One year,Mailed check,No,1
439,Male,38,0,56.13911957743035,265.75878783228336,Fiber optic,One year,Electronic check,Yes,1
440,Male,66,15,55.41014065201513,993.7959760919687,Fiber optic,Two year,Mailed check,No,0
441,Male,68,8,70.93151090281523,1977.152910065402,Fiber optic,One year,Bank transfer,No,0
442,Female,37,21,74.2636959053517,992.5713218484775,DSL,Month-to-month,Bank transfer,Yes,0
443,Male,38,8,68.94584531262413,1311.2240102312228,No,Two year,Mailed check,No,1
444,Female,40,8,71.2261734688577,2095.3485682520277,Fiber optic,One year,Bank transfer,Yes,0
445,Female,24,32,98.99914749152761,1837.236866829249,Fiber optic,Month-to-month,Bank transfer,No,0
446,Male,31,1,86.43086304469772,1713.4547170363214,Fiber optic,Month-to-month,Electronic check,Yes,1
447,Male,29,55,68.81271182530048,1228.702176583969,DSL,One year,Bank transfer,Yes,0
448,Female,33,45,83.82621161534966,1796.0488922151644,DSL,Month-to-month,Credit card,Yes,1
449,Male,44,26,44.34952192944921,1401.0138559201946,No,One year,Credit card,Yes,1
450,Female,48,21,72.95854099893617,1866.2444879406278,Fiber optic,Month-to-month,Electronic check,No,0
451,Female,68,53,101.1861269946622,1102.4543799056173,DSL,Two year,Mailed check,No,0
452,Female,30,4,60.63908209215252,1353.9448204963671,No,Two year,Electronic check,No,0
453,Female,59,1,48.0473214276183,708.0337659583889,Fiber optic,Two year,Mailed check,No,1
454,Female,41,6,51.95822222813879,1471.9939119950113,DSL,Two year,Mailed check,No,0
455,Male,44,37,43.207339253152234,851.1993090969241,Fiber optic,Two year,Mailed check,Yes,0
456,Male,55,0,49.30476183744593,608.7628398704053,Fiber optic,One year,Mailed check,Yes,0
457,Female,28,20,57.58983802819942,1706.9289182843104,DSL,Two year,Mailed check,Yes,1
458,Female,50,72,36.88865961642716,1670.1918206861283,DSL,Two year,Electronic check,Yes,0
459,Male,47,46,65.31236667899206,2126.298987958858,DSL,Two year,Mailed check,Yes,0
460,Male,52,17,83.04554347573294,1155.0995443399206,Fiber optic,Two year,Bank transfer,No,0
461,Female,49,1,46.8448763970616,1826.4422774694044,Fiber optic,Month-to-month,Bank transfer,Yes,1
462,Male,80,42,95.38567847283538,1940.6380578189305,No,Two year,Mailed check,Yes,1
463,Female,35,21,75.21584177055189,1855.8190462652758,Fiber optic,Two year,Bank transfer,No,0
464,Male,37,2,85.61161171248115,839.4770537582863,DSL,One year,Credit card,No,0
465,Female,35,2,51.84330892295726,1619.490785816951,Fiber optic,Month-to-month,Electronic check,Yes,0
466,Male,36,57,82.09050454133231,1791.3122368437291,No,One year,Electronic check,Yes,0
467,Female,35,26,43.16132199209374,1505.7427735263536,No,Two year,Mailed check,No,0
468,Male,62,42,82.80495001673017,-169.18212669686773,DSL,One year,Mailed check,Yes,1
469,Male,66,50,68.43678679587063,1628.3916991787842,DSL,One year,Credit card,Yes,0
470,Female,36,20,76.06502439969567,3270.0248315177937,No,Two year,Mailed check,Yes,0
471,Male,32,17,41.48810788750296,1211.968584994414,No,Month-to-month,Bank transfer,No,0
472,Female,52,13,47.09860315446791,917.5383217157431,No,Month-to-month,Credit card,Yes,0
473,Male,36,9,76.94456436506769,1798.6788477691184,DSL,One year,Bank transfer,Yes,1
474,Female,54,13,46.033039915515985,1749.9025683732573,No,Two year,Electronic check,No,0
475,Male,48,35,74.26412584198246,2454.1881323331318,No,One year,Bank transfer,No,0
476,Female,22,22,37.657243870795085,493.70547527288977,DSL,One year,Electronic check,No,0
477,Male,68,53,81.96348425333336,2085.104202059994,Fiber optic,One year,Bank transfer,Yes,0
478,Female,71,14,40.34953370462982,1972.3376490011708,Fiber optic,Two year,Electronic check,No,0
479,Male,35,22,76.04599875359047,1386.282770447563,No,Two year,Mailed check,Yes,0
480,Female,39,23,77.51261867292001,1770.949854337352,Fiber optic,Month-to-month,Bank transfer,No,0
481,Female,49,21,51.064563631408504,2323.5659852786857,Fiber optic,Two year,Electronic check,Yes,1
482,Female,50,29,76.64053134169454,2197.85230402276,Fiber optic,One year,Bank transfer,No,0
483,Male,54,6,70.20884526667112,585.5845503410171,Fiber optic,One year,Credit card,Yes,1
484,Female,75,17,54.22316287614524,2156.1265494043873,No,Month-to-month,Mailed check,Yes,0
485,Male,42,2,44.82890631847584,1448.2491159739852,Fiber optic,Two year,Electronic check,No,0
486,Female,33,11,25.74748616654842,1558.2992784124124,Fiber optic,One year,Credit card,No,1
487,Male,24,16,71.99300094599387,1558.5575928013557,DSL,Month-to-month,Bank transfer,Yes,1
488,Female,34,25,33.7039445727589,1379.805608961392,No,Month-to-month,Credit card,No,0
489,Male,44,72,66.90688398882617,2453.365997685652,DSL,One year,Bank transfer,Yes,1
490,Male,71,22,59.73103567835502,1433.0256321206305,DSL,One year,Mailed check,No,1
491,Female,37,32,78.58285550876391,604.363097293465,No,Two year,Credit card,No,1
492,Male,48,16,58.959090010202715,1185.176115224217,Fiber optic,Month-to-month,Mailed check,Yes,0
493,Male,44,24,58.411044273058174,1642.9557734483806,DSL,One year,Electronic check,No,0
494,Female,62,1,79.63741408576591,2483.3718274376406,No,Month-to-month,Bank transfer,No,0
495,Male,80,7,71.70116058168234,1982.475747959067,Fiber optic,Two year,Bank transfer,Yes,1
496,Male,37,10,71.32311914365556,819.5717770023648,No,One year,Mailed check,Yes,0
497,Male,37,15,74.38535179617053,3488.1519333431133,DSL,Two year,Mailed check,No,0
498,Female,60,1,34.28855753585788,1711.8202487823837,Fiber optic,Month-to-month,Electronic check,Yes,1
499,Male,55,3,80.13577359973964,2520.312590399212,Fiber optic,Two year,Credit card,No,1
500,Female,72,7,77.24937588027204,1378.6284531382166,No,Two year,Bank transfer,No,0
501,Male,53,72,44.66633742847006,1926.6873957643595,Fiber optic,Month-to-month,Bank transfer,Yes,1
502,Male,39,9,60.118390526515974,2171.574803614724,DSL,Two year,Electronic check,Yes,0
503,Male,53,15,64.21385424744737,2474.555769403405,DSL,Month-to-month,Electronic check,Yes,1
504,Female,61,5,62.31006431196535,2345.8946443025798,DSL,One year,Mailed check,Yes,0
505,Male,57,22,71.67719933137069,2197.757600058382,No,Month-to-month,Mailed check,Yes,1
506,Male,52,7,93.62733563662367,1247.930615044713,Fiber optic,Month-to-month,Credit card,Yes,0
507,Female,61,5,86.63533455345657,1042.6031664351508,Fiber optic,One year,Electronic check,No,0
508,Male,62,17,38.75561613137187,1766.086008259358,Fiber optic,Month-to-month,Credit card,No,1
509,Female,65,0,77.44139980612097,2246.5024578728553,DSL,One year,Electronic check,Yes,0
510,Female,54,0,91.5786663907082,1321.8234393787143,Fiber optic,One year,Bank transfer,No,1
511,Male,42,5,72.73617041378405,2352.1375725715093,DSL,Month-to-month,Electronic check,No,1
512,Female,47,0,86.81960850371934,2662.093396388944,Fiber optic,Two year,Electronic check,No,1
513,Male,63,2,105.2454089140153,766.9432647412642,DSL,Two year,Bank transfer,No,0
514,Female,32,9,85.47419092213963,830.4634369629761,Fiber optic,One year,Electronic check,Yes,1
515,Female,50,38,69.98617191283458,1387.6999528757308,No,Two year,Credit card,No,0
516,Male,39,20,85.90176948169507,1746.090134551357,No,Two year,Mailed check,No,0
517,Female,45,17,67.89775666193782,1080.3463889863592,DSL,Month-to-month,Mailed check,Yes,0
518,Female,64,8,65.4780608656991,2581.7621430937156,DSL,One year,Credit card,Yes,0
519,Female,47,64,57.97171528572535,1839.253489214761,Fiber optic,One year,Bank transfer,Yes,0
520,Female,45,12,96.26826717664215,1531.5576385925915,Fiber optic,Month-to-month,Electronic check,Yes,1
521,Female,24,2,48.63142668115997,351.2723809051779,No,Two year,Credit card,No,1
522,Male,56,23,95.64735449356232,447.34734685799435,Fiber optic,One year,Mailed check,Yes,0
523,Female,54,2,74.99728247480743,1724.807400225445,DSL,Two year,Mailed check,No,1
524,Male,77,10,37.01387650396117,-206.07650092386893,DSL,One year,Credit card,No,0
525,Female,40,16,72.35298585982844,2310.1099277152575,DSL,One year,Mailed check,Yes,0
526,Male,48,49,22.99946984696752,1373.4769245021437,DSL,One year,Credit card,Yes,0
527,Male,48,16,77.51016033662071,4094.4743756757866,DSL,One year,Mailed check,Yes,0
528,Female,68,29,82.70462965977981,3346.3330004928885,No,Two year,Credit card,Yes,0
529,Female,43,72,53.152880886958926,1354.8407446019867,No,Two year,Electronic check,Yes,0
530,Female,49,3,67.47095391911165,1414.930397974948,DSL,Two year,Electronic check,Yes,1
531,Male,54,7,104.08314867500573,2296.465211201624,Fiber optic,Two year,Electronic check,No,1
532,Female,47,12,54.88506591476127,2862.53808793443,DSL,Month-to-month,Electronic check,No,0
533,Male,38,13,43.82184825886799,189.57675405118653,No,One year,Mailed check,No,0
534,Male,47,12,94.63326804925197,70.89962771625073,DSL,One year,Bank transfer,No,0
535,Male,61,57,104.25174381061589,1002.3721555564948,No,One year,Credit card,Yes,0
536,Female,29,30,65.07391343695694,1966.1900665390915,No,Month-to-month,Bank transfer,Yes,1
537,Female,46,22,85.22926070816712,1897.4988724060777,DSL,Two year,Mailed check,No,0
538,Male,34,8,91.82951831061763,2355.81716398708,DSL,One year,Mailed check,No,0
539,Male,62,41,50.150315349232315,540.2419773077535,Fiber optic,Two year,Bank transfer,No,0
540,Female,22,72,55.29388329264263,-352.9150903751013,No,Two year,Bank transfer,Yes,1
541,Male,36,41,89.6174902630947,2186.4113562417165,Fiber optic,Month-to-month,Mailed check,Yes,1
542,Female,50,0,98.70028557417018,837.4429816278123,DSL,Month-to-month,Mailed check,Yes,0
543,Male,68,24,76.2576172034871,-114.79029151091027,No,Two year,Credit card,No,0
544,Female,44,1,47.403712929958914,1616.0509967675052,Fiber optic,One year,Electronic check,No,1
545,Male,36,7,104.74122223398882,2134.540550574942,Fiber optic,One year,Electronic check,Yes,1
546,Female,73,1,54.38058204376071,1402.3542943029781,Fiber optic,Month-to-month,Credit card,Yes,1
547,Male,23,22,58.297244376570966,1133.7212910540086,DSL,Month-to-month,Bank transfer,No,0
548,Female,18,27,71.84675668979243,1372.5102142832748,DSL,Month-to-month,Mailed check,No,1
549,Female,51,2,96.08320841429548,1203.5337900793738,DSL,Month-to-month,Bank transfer,Yes,0
550,Male,37,11,82.07951953104447,421.56231044786637,No,Month-to-month,Electronic check,No,1
551,Male,29,14,73.29731000723821,928.2554584076546,DSL,Month-to-month,Electronic check,Yes,0
552,Female,55,11,74.26577060236212,1917.0239240110516,No,Month-to-month,Bank transfer,Yes,0
553,Male,48,3,65.87029337286933,1757.3428331012,Fiber optic,One year,Electronic check,No,0
554,Female,36,13,76.16279029037013,1634.4478447734562,Fiber optic,Month-to-month,Mailed check,No,1
555,Male,25,33,14.408798446113941,703.8812145172965,DSL,Month-to-month,Credit card,No,1
556,Female,58,1,59.06785081860403,1354.7974702914662,Fiber optic,One year,Bank transfer,Yes,1
557,Female,54,2,69.82643869833562,-241.6520371542838,DSL,One year,Mailed check,No,0
558,Female,43,10,41.97971832760986,1642.7813311083119,No,Two year,Mailed check,No,0
559,Female,72,68,72.7264663562312,2643.086166250854,Fiber optic,Month-to-month,Electronic check,Yes,0
560,Female,28,26,60.910575580277566,320.6942943663155,DSL,Month-to-month,Mailed check,Yes,1
561,Female,22,27,100.1095139663098,1031.2578613457958,Fiber optic,Month-to-month,Bank transfer,No,0
562,Male,34,10,96.46039450429713,1763.2854229681036,Fiber optic,Month-to-month,Mailed check,Yes,1
563,Male,44,21,55.68388861763674,2502.274107541987,DSL,Two year,Credit card,Yes,0
564,Male,48,0,61.983245768666094,1141.4203069598805,Fiber optic,One year,Mailed check,Yes,0
565,Female,41,24,63.52104868783215,946.1997365872829,Fiber optic,One year,Mailed check,No,0
566,Female,50,58,55.966810476807545,-75.13851393286654,Fiber optic,Month-to-month,Credit card,No,0
567,Female,26,22,68.90049968056253,1582.750503446485,Fiber optic,Month-to-month,Mailed check,Yes,0
568,Female,66,49,49.834358622248196,3133.660832114995,No,Month-to-month,Mailed check,Yes,0
569,Male,43,30,42.38769330124947,1721.8867695717408,Fiber optic,Two year,Electronic check,Yes,0
570,Male,61,3,77.45422447800537,1482.1768166530294,Fiber optic,Two year,Bank transfer,No,1
571,Female,50,55,77.59059168443622,1757.6658486135884,DSL,One year,Electronic check,Yes,0
572,Male,51,1,48.91368480680015,1491.1263968411183,No,Month-to-month,Bank transfer,Yes,1
573,Male,53,18,82.90710861525199,849.5885021918962,DSL,Month-to-month,Credit card,No,1
574,Female,51,3,52.368445416693376,2158.6239325421643,DSL,Month-to-month,Credit card,Yes,1
575,Male,54,0,70.06330476075962,1680.6092184894035,DSL,Month-to-month,Credit card,No,1
576,Female,64,13,81.40688025224912,1514.0906015469259,No,Two year,Bank transfer,No,0
577,Male,47,8,64.32774870592574,719.7071781774,DSL,One year,Bank transfer,No,1
578,Female,55,15,74.09481824282268,2542.8063455478073,DSL,One year,Bank transfer,Yes,0
579,Female,43,20,54.67140712224857,2031.762196266488,DSL,Two year,Credit card,Yes,0
580,Female,66,1,61.07066833143806,1057.6633301061584,Fiber optic,Month-to-month,Bank transfer,No,1
581,Female,34,3,60.88281138239319,2301.45988294555,DSL,One year,Mailed check,Yes,1
582,Male,72,19,50.06843306919522,1101.9433292918343,No,One year,Electronic check,No,0
583,Female,44,10,61.464516737684356,874.3972059911704,No,Two year,Credit card,Yes,1
584,Female,23,31,34.02763402272507,892.2375060157704,Fiber optic,Month-to-month,Electronic check,No,1
585,Female,46,25,55.1769250571579,83.14515752952707,No,One year,Mailed check,No,0
586,Male,34,44,59.302490132606586,1877.2339043345646,No,Month-to-month,Bank transfer,Yes,0
587,Female,57,28,59.8764049500924,35.084097329319775,Fiber optic,One year,Electronic check,Yes,1
588,Male,35,13,60.17005108258442,517.2449349873899,DSL,Two year,Mailed check,Yes,0
589,Female,38,26,63.76471600279742,-160.47040726282648,Fiber optic,Month-to-month,Mailed check,Yes,0
590,Male,18,7,74.58883036172128,1431.1442457672856,DSL,Two year,Electronic check,No,0
591,Male,38,8,82.49034148265045,1379.7436317825022,DSL,One year,Credit card,No,1
592,Female,18,37,52.00469546303466,1238.6430294509087,No,Two year,Electronic check,Yes,1
593,Male,21,14,40.93598289221711,665.937844263539,Fiber optic,Two year,Credit card,Yes,0
594,Female,56,38,44.15911175513794,562.212997250688,No,Two year,Bank transfer,No,0
595,Female,56,41,55.255941576101456,1871.4958908372594,No,One year,Credit card,Yes,0
596,Female,51,46,57.961573643669816,1059.5584546332097,DSL,Month-to-month,Bank transfer,Yes,1
597,Male,30,59,49.600078676050856,1753.0866572289158,No,Two year,Electronic check,Yes,1
598,Male,44,13,39.07766671500211,791.801051100622,Fiber optic,Month-to-month,Bank transfer,Yes,1
599,Female,44,9,55.877583450516234,1644.850194216866,No,One year,Mailed check,No,1
600,Female,27,20,68.62853240227943,2542.622429852851,No,Month-to-month,Bank transfer,No,0
601,Male,67,11,76.90058931671129,1968.9326403142268,DSL,Two year,Credit card,Yes,0
602,Female,58,22,53.851538937833574,1170.0689454268156,Fiber optic,Two year,Credit card,No,0
603,Female,41,29,56.740043557131315,1705.759176284742,No,Two year,Credit card,Yes,1
604,Female,45,27,46.466033823053785,1307.4678603758296,DSL,Two year,Bank transfer,Yes,0
605,Male,48,11,64.37121659250447,1506.3041477557824,No,Two year,Credit card,Yes,1
606,Male,18,4,48.03142731618371,1239.5111582811971,Fiber optic,Two year,Credit card,No,0
607,Male,41,13,76.462556264824,1368.531835291687,No,One year,Mailed check,No,0
608,Female,34,3,29.282670161317775,1669.6746824593401,No,One year,Bank transfer,No,0
609,Female,29,52,57.80740655095075,705.3130403344395,DSL,One year,Mailed check,No,0
610,Female,40,10,71.02214678383484,687.2969384080174,No,Month-to-month,Credit card,No,1
611,Male,71,4,68.67669032645009,389.1659569350311,DSL,Month-to-month,Credit card,Yes,1
612,Female,54,0,118.86067327960993,219.78311639703202,Fiber optic,One year,Credit card,Yes,0
613,Female,36,24,71.99600049135815,526.1738462236165,No,Month-to-month,Bank transfer,No,1
614,Female,53,24,44.91890806315979,1627.5700054433034,Fiber optic,Month-to-month,Electronic check,No,0
615,Female,65,9,63.09071505821854,785.7699876064928,Fiber optic,Two year,Credit card,No,0
616,Male,58,1,29.475073330670966,1910.891571384877,No,Two year,Credit card,Yes,0
617,Male,45,12,63.38800501406478,1527.7709990020494,DSL,Month-to-month,Credit card,No,0
618,Female,35,8,48.33887885998483,-74.80337075044304,Fiber optic,Month-to-month,Credit card,Yes,1
619,Male,55,27,83.30780551120324,2023.980467377352,Fiber optic,One year,Bank transfer,Yes,0
620,Male,50,22,54.0091945080893,2148.6389164733678,No,Month-to-month,Electronic check,No,0
621,Female,58,10,62.664681684095065,704.9098601321173,No,Two year,Electronic check,Yes,0
622,Female,54,5,52.288843171911935,1836.1532343159934,No,Month-to-month,Electronic check,Yes,0
623,Male,60,72,99.77702703706663,814.8014100726408,No,One year,Credit card,No,0
624,Female,36,14,58.57514467764177,1578.1363013986684,No,Two year,Credit card,Yes,0
625,Male,64,27,101.65114086958403,488.4012744360275,No,Two year,Electronic check,No,0
626,Female,47,3,81.28303524236533,65.51483797233868,DSL,Two year,Electronic check,Yes,1
627,Male,76,15,74.64133454670772,1193.7462483096251,Fiber optic,Two year,Credit card,No,0
628,Female,34,0,72.3746629463504,1401.016842980131,DSL,Month-to-month,Credit card,No,0
629,Male,71,16,72.87594596432503,1181.8562451083167,DSL,One year,Mailed check,Yes,0
630,Male,47,72,26.446548413087797,552.7755534219525,No,Month-to-month,Mailed check,No,0
631,Male,35,11,59.42233211698487,1180.0807502950904,Fiber optic,Month-to-month,Mailed check,Yes,1
632,Female,37,0,81.90315942368643,1715.4358020645873,DSL,Two year,Electronic check,Yes,0
633,Male,40,0,64.02205633051788,1464.0855759019705,No,One year,Bank transfer,No,0
634,Male,51,11,36.896203063928496,1646.0008244793707,No,Two year,Credit card,Yes,0
635,Female,52,4,63.951910988450614,963.9078396366136,Fiber optic,Month-to-month,Mailed check,No,0
636,Female,36,0,99.08211032510982,2437.3743317729277,DSL,Month-to-month,Bank transfer,Yes,1
637,Male,44,33,89.93783431069438,559.0613307561755,DSL,Two year,Credit card,Yes,1
638,Male,77,14,63.759919812679364,1890.0482376693749,DSL,Month-to-month,Bank transfer,No,0
639,Female,70,8,84.02898554116173,2445.5128743679693,No,Month-to-month,Electronic check,Yes,1
640,Female,51,55,57.669859592638964,1884.7264741991162,Fiber optic,Two year,Electronic check,Yes,1
641,Female,45,2,30.92256826346562,1337.980618348136,Fiber optic,Month-to-month,Electronic check,Yes,1
642,Female,46,72,46.51068023740891,1077.3623626696167,DSL,One year,Mailed check,Yes,0
643,Female,54,9,96.25777537016396,2328.870120837005,No,Two year,Credit card,Yes,1
644,Male,29,52,59.52013836341391,361.62005979066157,DSL,One year,Electronic check,Yes,0
645,Female,41,22,60.13232041249964,723.9005916962851,Fiber optic,Month-to-month,Mailed check,Yes,0
646,Male,19,42,59.00323607450239,1181.9537876066229,No,Month-to-month,Mailed check,Yes,0
647,Male,50,72,103.08273179146013,2490.1230060095986,DSL,Two year,Mailed check,No,0
648,Male,54,8,97.51917830724126,1803.8141088327168,DSL,Month-to-month,Mailed check,Yes,0
649,Female,37,72,109.37560466896268,725.5633931918037,No,Two year,Electronic check,Yes,0
650,Male,68,11,61.819095791998976,1251.753835692077,Fiber optic,Two year,Mailed check,No,0
651,Male,26,11,70.9124897749419,1008.5414847229645,No,Two year,Electronic check,No,1
652,Female,23,9,34.66714901158418,932.1688062131719,DSL,Two year,Electronic check,No,0
653,Male,48,18,94.53868852236549,2283.1116468454234,DSL,Two year,Mailed check,Yes,0
654,Male,60,4,41.6444089746413,402.6054965891956,DSL,One year,Electronic check,No,1
655,Female,70,19,69.33551127525259,2787.024684587499,DSL,Two year,Credit card,No,0
656,Male,38,18,43.053949447343115,2162.5837521476983,Fiber optic,One year,Credit card,Yes,0
657,Male,61,34,53.22266346522608,2372.6893364829584,Fiber optic,Month-to-month,Bank transfer,Yes,0
658,Male,44,43,48.254751379005995,1129.6483903797935,DSL,Two year,Credit card,No,0
659,Female,42,13,52.84249478648364,1380.0474247367124,Fiber optic,Month-to-month,Electronic check,No,1
660,Female,58,8,54.21754593702043,353.47854838023045,Fiber optic,Two year,Electronic check,Yes,1
661,Female,54,7,54.03462410149846,1080.2700743465575,Fiber optic,One year,Credit card,Yes,0
662,Male,21,5,81.66667823560614,1894.9238781145207,DSL,One year,Mailed check,Yes,1
663,Male,67,1,42.9027441387496,2536.850449425117,No,One year,Mailed check,Yes,0
664,Female,65,10,69.41082854027734,614.2745465580387,No,Month-to-month,Electronic check,Yes,0
665,Male,35,7,89.35918304611117,1207.5952504117872,No,Two year,Mailed check,No,1
666,Male,50,72,54.73607270973208,1378.9606238139822,DSL,Month-to-month,Bank transfer,Yes,0
667,Female,52,19,50.641622185047964,383.36863824601187,Fiber optic,One year,Bank transfer,Yes,0
668,Female,48,10,60.389507496394984,1973.0793934067203,Fiber optic,Month-to-month,Credit card,Yes,0
669,Male,36,20,88.59450416721421,920.8077346059127,DSL,One year,Credit card,Yes,1
670,Male,34,3,68.88215261906716,1343.687719058381,DSL,One year,Mailed check,Yes,1
671,Male,44,14,54.375714107848026,1138.440502470498,No,One year,Electronic check,No,0
672,Female,62,23,74.67753302376079,868.5291954242605,No,Two year,Credit card,Yes,1
673,Female,53,16,42.95415700327153,1494.3640116155561,DSL,Two year,Bank transfer,No,0
674,Female,39,12,78.62719020885896,1327.512337145582,No,One year,Credit card,Yes,0
675,Female,56,72,73.17214615403535,1202.5136941770675,Fiber optic,Month-to-month,Credit card,No,0
676,Male,18,50,58.84383057722232,917.2307026557257,DSL,Month-to-month,Bank transfer,No,0
677,Female,62,23,48.22828403105538,1755.6197366263643,DSL,Two year,Electronic check,Yes,0
678,Female,18,20,47.266381554330856,2822.893814793828,Fiber optic,One year,Credit card,Yes,0
679,Female,39,23,75.69634672691821,1611.909786271302,Fiber optic,Month-to-month,Credit card,Yes,0
680,Female,28,5,89.57961004978124,2296.894571928903,Fiber optic,One year,Credit card,Yes,1
681,Female,25,12,52.25384505942411,387.8224598772299,No,Month-to-month,Mailed check,Yes,1
682,Male,62,0,74.16773407102968,1626.2091514350157,DSL,Two year,Credit card,No,1
683,Male,37,15,23.259459627958627,622.1053448231468,No,One year,Bank transfer,Yes,0
684,Female,50,18,53.30764538685601,318.4600579744788,Fiber optic,One year,Electronic check,Yes,0
685,Male,44,6,64.37882134258196,908.5028740327709,No,Month-to-month,Electronic check,No,1
686,Female,52,72,46.80633166036333,2453.5194675308585,Fiber optic,Month-to-month,Bank transfer,Yes,0
687,Female,46,57,46.26987250420808,2260.0126629357164,No,Month-to-month,Mailed check,No,0
688,Male,25,30,51.64440887062227,1694.4037776435198,No,One year,Bank transfer,Yes,0
689,Male,59,18,70.84385456652747,273.83955208805537,Fiber optic,Two year,Electronic check,No,0
690,Female,37,48,61.253419631872504,1342.9754788896505,No,Two year,Bank transfer,Yes,0
691,Female,21,3,20.235375333500556,1741.3600071213884,DSL,Month-to-month,Mailed check,No,1
692,Female,38,37,22.585996947298675,1640.4289836628784,No,Two year,Electronic check,No,1
693,Male,67,3,52.86269644285649,24.96513321540351,No,Month-to-month,Mailed check,Yes,0
694,Female,57,37,74.15373172107104,787.7457215841025,DSL,Two year,Bank transfer,Yes,0
695,Female,39,7,10.049903145495307,1448.7377886810266,Fiber optic,One year,Credit card,Yes,1
696,Female,39,50,55.00539647696739,1929.0327276137518,DSL,Month-to-month,Bank transfer,No,1
697,Male,40,69,54.475042869651574,-256.9022568799571,No,Two year,Mailed check,No,0
698,Female,76,3,92.76675556416896,1370.3008196161131,Fiber optic,One year,Bank transfer,No,0
699,Female,50,14,57.299563765742725,1614.4390159031618,No,Two year,Credit card,Yes,1
700,Male,51,72,72.65977969481857,2179.6895908129704,No,One year,Mailed check,Yes,1
701,Female,60,15,67.82514280174927,2054.2860673899495,DSL,One year,Bank transfer,No,0
702,Female,48,47,22.38867040385599,1966.0570550470443,DSL,Two year,Mailed check,Yes,0
703,Male,41,21,80.36414433263475,860.0475946384527,Fiber optic,Two year,Mailed check,No,0
704,Female,42,11,69.30793010912576,-26.401709698646073,Fiber optic,One year,Electronic check,Yes,0
705,Male,43,8,75.1653727934918,1185.5577943508792,Fiber optic,One year,Electronic check,Yes,0
706,Male,44,5,143.52475412872653,2301.305460166848,No,One year,Mailed check,No,1
707,Female,55,34,23.31774121002823,2614.7636220195454,DSL,Month-to-month,Bank transfer,Yes,0
708,Female,45,11,99.49393299522217,2068.4392818382285,DSL,One year,Bank transfer,Yes,1
709,Female,55,17,59.25104961199289,1843.4726582413875,DSL,Month-to-month,Bank transfer,Yes,1
710,Female,43,16,70.74657808806019,1803.7117187087724,Fiber optic,One year,Credit card,Yes,0
711,Male,46,20,64.08975509397516,1055.1050025913755,DSL,Month-to-month,Mailed check,Yes,0
712,Female,18,48,56.51527333203913,1395.951765157104,DSL,One year,Mailed check,No,1
713,Male,58,72,53.60334143522483,2835.2556206610648,DSL,One year,Credit card,Yes,0
714,Female,50,12,71.59017471146018,745.9535953664989,Fiber optic,One year,Mailed check,No,1
715,Female,59,42,34.656526066566414,2791.8230325678815,DSL,Two year,Mailed check,Yes,0
716,Female,18,34,80.01158335043532,1242.3774764063533,Fiber optic,Two year,Credit card,Yes,1
717,Male,76,20,56.67611190229492,2560.3456872760626,DSL,One year,Electronic check,No,0
718,Female,42,72,42.398613219192846,374.5479924019694,DSL,Month-to-month,Mailed check,No,0
719,Female,61,5,55.99974284008373,1968.7233609317193,DSL,Month-to-month,Credit card,Yes,1
720,Female,29,2,90.14298433725145,910.5838912419024,Fiber optic,One year,Bank transfer,Yes,1
721,Female,54,46,54.29329825967554,367.7862464606501,Fiber optic,Two year,Electronic check,No,0
722,Male,29,13,72.1690723641924,1674.8272339287566,DSL,Month-to-month,Bank transfer,No,0
723,Female,35,45,50.38087448569053,2307.577430876775,No,Two year,Mailed check,No,0
724,Male,73,53,80.1584369984724,824.0468491252029,Fiber optic,Month-to-month,Electronic check,No,0
725,Male,42,1,78.71015477580409,300.7872316332789,Fiber optic,One year,Credit card,Yes,0
726,Male,48,51,101.97217666592823,1426.5241885320359,DSL,Two year,Mailed check,Yes,0
727,Male,58,14,61.48872109001569,1430.0517369782551,No,Month-to-month,Credit card,Yes,0
728,Male,52,17,78.37309609515813,1938.655702043599,DSL,One year,Electronic check,Yes,0
729,Male,47,23,66.9613507907789,2259.6756570915904,Fiber optic,One year,Bank transfer,Yes,0
730,Female,50,62,90.91743563726028,1452.4678549820046,Fiber optic,One year,Mailed check,No,1
731,Male,80,0,50.623352247825395,2984.4026518354103,DSL,Two year,Mailed check,No,0
732,Male,44,15,79.90010625754562,1679.3877956282333,DSL,Two year,Credit card,No,0
733,Male,48,27,61.106054077666364,1222.8587951944803,No,One year,Electronic check,Yes,0
734,Female,60,30,63.71623645783004,210.7461127177378,No,Two year,Credit card,No,0
735,Female,61,28,66.83504968896746,1289.872383747066,Fiber optic,Month-to-month,Electronic check,Yes,0
736,Male,62,3,70.04480792853354,1230.890443671091,No,One year,Mailed check,Yes,1
737,Female,54,8,62.67541913756084,2268.243837025176,No,One year,Electronic check,Yes,1
738,Male,27,10,69.29426366341053,1869.9868992534832,Fiber optic,Two year,Mailed check,No,1
739,Male,69,39,96.56236115124369,556.5047026939062,Fiber optic,One year,Electronic check,Yes,1
740,Female,27,7,84.70899371230436,1637.80350912883,Fiber optic,Month-to-month,Bank transfer,Yes,1
741,Male,49,5,82.38309184993793,2037.2249373832428,Fiber optic,Two year,Electronic check,No,1
742,Female,33,72,55.889209479522584,2722.425087510266,DSL,Two year,Bank transfer,Yes,0
743,Female,44,0,47.21518343543352,2210.0031739312476,Fiber optic,One year,Electronic check,No,0
744,Male,49,72,84.10601116475506,2108.677323449182,Fiber optic,One year,Electronic check,Yes,0
745,Male,49,27,82.52093585059589,1548.0687956921308,Fiber optic,One year,Credit card,No,1
746,Female,51,42,94.45341351501963,1810.6496043387597,No,Two year,Credit card,Yes,1
747,Male,69,8,52.92038748061541,2499.6039205649267,Fiber optic,One year,Mailed check,Yes,0
748,Male,51,0,60.40902689279306,433.7780820162802,DSL,Month-to-month,Credit card,No,1
749,Male,41,32,32.21031674949132,1220.4485382264352,DSL,One year,Electronic check,Yes,0
750,Female,59,43,57.15057787878254,881.9450009950074,Fiber optic,One year,Credit card,No,0
751,Female,62,32,84.93141021158894,1803.3224949808994,DSL,Two year,Electronic check,Yes,1
752,Male,26,3,55.670092415436045,2484.1777405206303,No,One year,Bank transfer,No,0
753,Female,53,33,77.80959590401648,1022.4205706231409,Fiber optic,Two year,Electronic check,Yes,0
754,Female,55,35,61.18993788004377,-412.24349397555034,DSL,One year,Mailed check,Yes,0
755,Female,40,25,71.48114056443121,1170.2234039804239,DSL,Month-to-month,Bank transfer,Yes,0
756,Female,65,34,42.04617220368665,2230.778985613925,Fiber optic,Month-to-month,Mailed check,No,0
757,Female,42,44,66.70418899267803,1930.1039223599037,DSL,Two year,Mailed check,No,0
758,Male,46,22,5.177280581985535,1842.548998248461,Fiber optic,Two year,Mailed check,No,0
759,Male,42,2,61.2620768367603,1276.0053585004162,DSL,One year,Credit card,No,0
760,Male,45,16,32.3905351256972,476.7754110241709,No,One year,Mailed check,No,0
761,Female,28,1,89.11989033093633,1912.235457299574,DSL,Month-to-month,Bank transfer,Yes,1
762,Female,23,12,80.54814705529023,832.5745519723002,DSL,One year,Electronic check,Yes,1
763,Male,68,12,74.33341963932162,3247.277386704365,Fiber optic,Month-to-month,Mailed check,Yes,0
764,Female,32,1,95.4201245431876,1956.405766683613,DSL,Two year,Bank transfer,Yes,1
765,Male,30,10,46.021669583503254,1035.481357956839,Fiber optic,One year,Mailed check,Yes,0
766,Male,18,2,99.94726395831117,1010.8918020890974,No,Two year,Electronic check,No,1
767,Male,35,39,83.6438312852077,1425.6446347091294,Fiber optic,One year,Bank transfer,Yes,0
768,Female,25,70,60.26889425562108,1308.3984623826002,Fiber optic,Month-to-month,Bank transfer,No,0
769,Female,69,1,87.71240294365889,2393.4670204239633,DSL,Two year,Electronic check,Yes,0
770,Male,60,72,42.87412975176731,1649.132935795237,No,Two year,Bank transfer,No,0
771,Male,34,17,48.50971676944653,914.6946088731776,Fiber optic,One year,Electronic check,No,0
772,Male,78,8,52.828205535205996,3012.352548124626,DSL,Two year,Bank transfer,No,1
773,Male,59,1,54.420445838719694,1539.4466652161782,DSL,Month-to-month,Bank transfer,Yes,1
774,Female,40,16,43.86884714479494,2115.071740775117,Fiber optic,Two year,Electronic check,Yes,0
775,Female,18,37,89.4616613419065,1013.4187940441926,DSL,Two year,Electronic check,Yes,0
776,Male,79,29,59.822911992603366,1790.4925021956187,Fiber optic,One year,Bank transfer,Yes,0
777,Male,24,1,72.05009936713759,1748.8879929145562,Fiber optic,Two year,Bank transfer,No,0
778,Female,20,1,53.592972671726386,-11.719433676922336,Fiber optic,One year,Electronic check,No,0
779,Female,60,12,28.587933989029658,3112.220088368512,No,One year,Credit card,No,0
780,Male,80,8,70.40114716782844,2532.5155687380375,Fiber optic,Two year,Electronic check,No,0
781,Male,65,6,26.75490049160446,1182.2437470832099,DSL,Month-to-month,Bank transfer,Yes,1
782,Male,53,7,63.627319078290625,618.1842076353156,No,One year,Bank transfer,No,0
783,Female,53,39,37.63369922334379,1778.0492910428416,DSL,Two year,Bank transfer,Yes,0
784,Female,57,63,104.74551998461615,1569.3581595315172,No,One year,Electronic check,No,1
785,Female,56,12,83.22725444349443,1784.5351588505835,No,Month-to-month,Bank transfer,No,1
786,Male,49,56,67.11507582542961,1653.2619169552718,No,Month-to-month,Credit card,No,0
787,Male,46,9,90.27413355309338,1904.9927914447408,No,One year,Mailed check,Yes,0
788,Female,44,15,48.07368045068529,2657.8445595134453,DSL,Month-to-month,Credit card,Yes,1
789,Female,33,6,75.86958757340186,1954.482564102917,Fiber optic,Two year,Electronic check,No,0
790,Male,40,24,68.99620867437427,660.2756008720471,DSL,Two year,Bank transfer,No,0
791,Female,19,72,70.2804016266734,2590.0502821699615,Fiber optic,One year,Electronic check,No,1
792,Female,43,22,90.44707000213535,2812.49165079063,DSL,Month-to-month,Mailed check,Yes,1
793,Male,30,10,79.64984205559604,4021.645387609668,No,Two year,Electronic check,Yes,0
794,Female,28,25,70.77447325650047,601.2047734083217,No,Two year,Bank transfer,Yes,0
795,Male,47,3,31.902251275434075,1694.30561052022,Fiber optic,Two year,Mailed check,No,0
796,Male,65,52,45.79907409441073,-165.6789625511899,Fiber optic,One year,Mailed check,Yes,0
797,Male,58,16,62.545821328085516,1942.5193251033672,DSL,One year,Bank transfer,No,1
798,Male,21,14,66.86744748553302,1061.4397614665818,Fiber optic,Two year,Bank transfer,Yes,1
799,Male,30,21,42.39592550652152,3038.7566358599624,DSL,Two year,Bank transfer,No,0
800,Male,59,23,113.23353351156842,880.3080239851345,Fiber optic,Month-to-month,Electronic check,No,0
801,Male,30,1,95.32788110507146,148.65356962619057,Fiber optic,Month-to-month,Credit card,Yes,0
802,Female,41,27,77.04236640784967,1122.9890074379844,Fiber optic,Month-to-month,Electronic check,No,0
803,Male,53,6,66.4407372256749,-80.39021697371004,No,One year,Electronic check,No,0
804,Male,30,30,60.755820601976964,2100.879563605848,No,Two year,Credit card,No,0
805,Female,46,41,45.96163079955529,-152.0664370050565,DSL,One year,Bank transfer,Yes,0
806,Female,24,39,66.54961037037725,1522.7660649465272,Fiber optic,Two year,Bank transfer,No,0
807,Female,35,19,70.15505080285502,-162.24945588495734,DSL,Month-to-month,Credit card,Yes,0
808,Male,49,17,40.16478849036751,1243.7617563706865,Fiber optic,Month-to-month,Credit card,Yes,1
809,Female,21,3,71.68352834489795,2814.702524643627,No,Month-to-month,Electronic check,No,1
810,Male,51,35,61.89481902350502,1788.518313148636,No,Month-to-month,Mailed check,Yes,1
811,Male,44,7,26.843848842452182,809.2051160280528,Fiber optic,Two year,Credit card,No,0
812,Male,53,16,47.79229978440996,1475.037208848733,Fiber optic,Month-to-month,Electronic check,Yes,0
813,Male,48,8,56.72788933156711,1514.4134976355572,No,Two year,Mailed check,No,0
814,Female,65,3,102.7537531468038,1878.1042766747246,No,Two year,Bank transfer,Yes,0
815,Female,46,23,76.13106249067516,406.51330937533885,DSL,One year,Bank transfer,No,0
816,Male,38,1,38.29036861800218,1974.0538190778645,No,Month-to-month,Electronic check,No,0
817,Male,46,33,74.72072578835274,-663.5133052822202,Fiber optic,Month-to-month,Electronic check,No,0
818,Male,53,9,34.05392022123269,996.0923581089517,DSL,One year,Credit card,No,0
819,Female,45,0,86.65382107774147,1109.3809260387643,Fiber optic,Two year,Bank transfer,Yes,1
820,Male,45,17,55.57750696364243,2006.6614608569907,DSL,Month-to-month,Electronic check,Yes,0
821,Male,34,1,63.12727622521658,1518.1046821414952,Fiber optic,Two year,Bank transfer,No,0
822,Female,35,7,91.5159329508438,375.5495569149707,No,One year,Bank transfer,Yes,1
823,Female,23,29,39.256728628315,712.0054993463879,Fiber optic,Two year,Credit card,No,1
824,Male,71,1,37.057636297740174,1658.9440076379256,DSL,Month-to-month,Mailed check,No,0
825,Female,26,43,53.328013473079906,1436.746126508355,Fiber optic,Two year,Credit card,Yes,0
826,Female,34,0,85.76757702038634,1036.7007122914029,DSL,Two year,Electronic check,Yes,0
827,Male,34,6,34.61307849046315,1115.3329683904165,Fiber optic,Month-to-month,Credit card,No,1
828,Female,58,32,8.356888037788622,2056.934397727431,No,Month-to-month,Credit card,Yes,0
829,Male,40,9,55.97682283182002,1085.8459417046283,No,Two year,Bank transfer,No,0
830,Female,63,2,76.0348159982184,1429.5270047767415,Fiber optic,Two year,Credit card,Yes,0
831,Male,34,10,89.00523499477659,3235.9492704644344,Fiber optic,One year,Electronic check,Yes,1
832,Male,49,7,55.73677275829202,361.05389049286146,Fiber optic,Month-to-month,Mailed check,Yes,0
833,Male,32,44,56.77146785767995,18.525814740273063,DSL,Two year,Credit card,Yes,0
834,Female,77,9,88.07801468511494,2126.8717318388854,Fiber optic,Month-to-month,Credit card,Yes,1
835,Male,27,37,27.605166006091586,957.0855509647174,Fiber optic,One year,Mailed check,No,0
836,Female,49,53,57.22958449633981,1245.4099778059037,DSL,Two year,Electronic check,Yes,0
837,Male,54,13,68.80847779850116,875.0748974951086,No,Two year,Electronic check,Yes,0
838,Male,51,57,73.98437442570068,1292.15988738599,Fiber optic,Two year,Credit card,No,0
839,Female,42,11,54.80386613618235,2778.8304896770733,Fiber optic,Month-to-month,Bank transfer,No,0
840,Male,43,72,65.68882023411683,2141.7027668944957,No,One year,Credit card,No,1
841,Male,45,2,15.23345293174021,2189.7788095095816,No,Month-to-month,Mailed check,Yes,0
842,Female,42,27,51.83503175332304,367.0183553658835,DSL,Two year,Mailed check,Yes,0
843,Male,59,16,74.07017425108936,579.0770107577046,Fiber optic,One year,Mailed check,No,0
844,Male,78,11,45.35411931490641,-771.2629275883414,Fiber optic,Two year,Credit card,No,0
845,Male,36,24,66.17968443179194,852.4953431337968,DSL,Two year,Credit card,No,0
846,Male,24,29,73.93745001605396,2265.3625491085268,No,Month-to-month,Electronic check,No,1
847,Female,43,0,58.1490159828447,1913.5572125986967,DSL,Two year,Bank transfer,Yes,1
848,Female,80,4,68.40927541993142,1322.789389638301,No,One year,Credit card,Yes,0
849,Male,32,29,45.74534869430775,1482.1597730255576,DSL,Two year,Electronic check,Yes,0
850,Female,69,26,60.867774406079064,948.8915659396755,No,Two year,Credit card,Yes,1
851,Male,70,72,77.20432339178446,1663.8071059214274,DSL,Month-to-month,Electronic check,Yes,0
852,Female,36,34,68.13945921936869,2112.702623584492,No,One year,Electronic check,No,0
853,Male,53,72,53.26937460872129,207.2905700716217,No,Month-to-month,Bank transfer,Yes,0
854,Male,69,29,69.48432808581586,1739.7181502698786,No,Two year,Credit card,No,1
855,Male,39,8,79.29219581273236,2245.9478967637338,No,Month-to-month,Electronic check,No,1
856,Male,41,2,24.00117442845044,1167.9197688293043,No,Month-to-month,Mailed check,No,1
857,Male,36,36,88.18148129911796,2060.560489696467,Fiber optic,Month-to-month,Mailed check,Yes,1
858,Male,29,24,58.274905226378564,3751.7235555780426,No,Month-to-month,Mailed check,No,0
859,Female,35,1,73.5097986648046,1416.5257656104864,Fiber optic,Two year,Bank transfer,Yes,1
860,Male,26,10,88.94493847290455,1814.645640004259,No,Two year,Electronic check,No,1
861,Female,45,72,37.56652605539068,909.5543330708867,Fiber optic,One year,Bank transfer,Yes,0
862,Male,33,16,50.81117995144907,1645.0009300816403,Fiber optic,Month-to-month,Credit card,No,0
863,Female,48,13,59.2290260824859,1868.217299985843,DSL,Month-to-month,Credit card,Yes,1
864,Female,21,14,49.32492957751143,1655.8738722161104,No,One year,Electronic check,No,0
865,Female,49,5,99.69873151673616,684.2437442329147,DSL,Month-to-month,Mailed check,No,1
866,Male,57,11,47.86455812346415,1665.0894170603606,DSL,One year,Electronic check,No,0
867,Male,18,11,53.88906441026267,2669.7567509741093,No,Two year,Electronic check,No,1
868,Female,50,1,69.08778063205953,1858.9086116116218,DSL,One year,Electronic check,Yes,0
869,Male,63,35,40.95700947847823,2269.589751257473,No,Month-to-month,Bank transfer,Yes,0
870,Female,26,12,57.08638576487472,1310.3904239898977,DSL,One year,Credit card,Yes,0
871,Male,70,41,71.3490652250035,2099.9201915389685,No,Two year,Electronic check,No,0
872,Female,51,45,58.342791912349774,1723.4142705732208,No,Month-to-month,Electronic check,No,1
873,Female,34,5,63.13226282200103,739.2714162502144,No,Two year,Electronic check,No,0
874,Male,44,25,54.413357751032585,1754.8168038390995,Fiber optic,Two year,Bank transfer,No,1
875,Female,53,15,34.71059381638466,706.6426692477517,DSL,One year,Bank transfer,No,0
876,Male,46,50,71.43186422678477,993.6957800921664,Fiber optic,Two year,Bank transfer,No,0
877,Female,53,5,100.09866143294482,1651.4626458338994,DSL,Month-to-month,Electronic check,Yes,0
878,Female,31,27,65.36803261566877,1737.7954187040991,DSL,Two year,Mailed check,Yes,1
879,Male,47,22,69.50528234495098,548.6140279382968,DSL,Two year,Mailed check,Yes,0
880,Male,23,8,78.85445510233718,2343.188616946301,Fiber optic,One year,Mailed check,Yes,1
881,Male,43,3,39.613390069066014,1957.6050226403784,DSL,Two year,Credit card,Yes,0
882,Female,31,25,99.05029316259211,936.217251511293,Fiber optic,One year,Electronic check,Yes,0
883,Male,33,32,69.04657592845604,269.93216284065966,No,One year,Mailed check,Yes,0
884,Female,63,9,97.63713798178217,1384.076336734855,DSL,Month-to-month,Mailed check,Yes,1
885,Female,61,24,50.33934008952021,1143.2450289110718,DSL,Month-to-month,Mailed check,No,1
886,Male,54,12,101.3612384511565,1590.5123656424182,No,Month-to-month,Electronic check,No,0
887,Male,28,29,80.50310988069566,1209.5066710755468,No,Month-to-month,Mailed check,No,1
888,Female,40,5,76.06080171704717,-105.96548859600784,DSL,One year,Mailed check,No,1
889,Female,63,53,69.68048908706297,1189.3224493590733,No,Two year,Electronic check,No,0
890,Male,47,8,60.02942763851101,1255.5047111453496,Fiber optic,Month-to-month,Credit card,No,0
891,Male,79,11,89.01063316947744,2006.928819819247,Fiber optic,Month-to-month,Bank transfer,No,1
892,Male,50,1,67.80719739696094,941.4402603111603,DSL,Month-to-month,Mailed check,Yes,1
893,Male,47,2,25.658605928256954,2842.9397386980527,Fiber optic,Two year,Bank transfer,Yes,0
894,Male,40,17,42.65627076585995,-29.312440521405733,Fiber optic,Month-to-month,Credit card,No,1
895,Female,47,7,61.28308495614505,2548.9339982420997,DSL,Two year,Credit card,Yes,1
896,Female,42,43,71.1999796633111,1320.5448232975161,No,One year,Mailed check,Yes,0
897,Female,55,0,63.86823022200208,2187.667897874845,DSL,One year,Electronic check,Yes,0
898,Female,59,11,89.37941579587326,1563.8411872469865,Fiber optic,One year,Credit card,Yes,0
899,Male,33,9,25.977962719227506,2411.6444288203757,DSL,Two year,Bank transfer,Yes,0
900,Male,25,0,67.87175873010321,1190.110428357751,DSL,Month-to-month,Bank transfer,No,1
901,Male,18,3,28.640415492256906,621.1036598577502,Fiber optic,Month-to-month,Bank transfer,Yes,1
902,Female,52,12,80.19424590968336,2636.403429816851,Fiber optic,Month-to-month,Bank transfer,No,1
903,Female,28,16,63.11082571115995,1409.215483294287,DSL,Month-to-month,Credit card,No,0
904,Male,18,12,73.39219944048236,1677.2467788993686,Fiber optic,Month-to-month,Mailed check,No,0
905,Male,50,18,47.722340788204676,2487.801531235836,Fiber optic,Two year,Mailed check,Yes,0
906,Female,80,21,90.58929863315502,674.4358063244521,Fiber optic,One year,Bank transfer,No,0
907,Female,44,0,85.83449328117703,1976.3927181114059,Fiber optic,Month-to-month,Mailed check,No,1
908,Male,57,14,76.67088606023775,1028.0841948296872,Fiber optic,One year,Bank transfer,No,0
909,Male,46,72,62.40965506273118,1394.2645154845025,Fiber optic,Two year,Bank transfer,No,0
910,Female,43,17,76.59714570590265,1557.8231723074312,No,Two year,Electronic check,Yes,0
911,Male,58,27,50.862148640253025,299.82251084245127,DSL,Month-to-month,Credit card,No,0
912,Male,40,8,82.11111318041424,876.9303657436521,Fiber optic,Two year,Credit card,No,1
913,Male,49,35,97.98961788647841,2580.8583139305115,DSL,One year,Bank transfer,No,0
914,Female,49,35,86.41221119958372,2208.9529508678365,No,Month-to-month,Credit card,No,0
915,Female,34,17,50.40795060385181,1449.888338138212,Fiber optic,Month-to-month,Mailed check,Yes,1
916,Female,59,72,72.22834634546206,1694.4987668103145,DSL,One year,Bank transfer,No,0
917,Female,42,3,39.13716912482705,1264.605995490834,Fiber optic,Month-to-month,Electronic check,No,1
918,Female,33,0,76.44780622351351,2585.266708662386,Fiber optic,Month-to-month,Mailed check,No,1
919,Female,53,35,74.01206825725077,1339.717937764669,Fiber optic,One year,Electronic check,No,0
920,Female,31,39,27.60367320935672,1685.4736737078783,Fiber optic,Month-to-month,Electronic check,No,0
921,Male,45,3,41.764323121752724,2416.8241153136523,Fiber optic,Month-to-month,Credit card,No,1
922,Male,44,7,59.33722206512466,878.1028121232747,Fiber optic,One year,Credit card,Yes,0
923,Male,61,0,58.98280505718348,2747.0313475975154,Fiber optic,Two year,Bank transfer,No,1
924,Male,52,8,40.810461291623895,275.6308722052986,No,One year,Credit card,Yes,1
925,Male,44,35,72.77957458704367,2803.7137048902387,No,Month-to-month,Electronic check,Yes,0
926,Male,57,17,70.02947217881024,1201.8595328384204,Fiber optic,One year,Electronic check,No,0
927,Male,65,10,61.11461736042961,1305.8410017397746,Fiber optic,Month-to-month,Mailed check,Yes,1
928,Female,53,11,49.88416999683274,-12.008136946354398,No,Month-to-month,Electronic check,No,0
929,Female,45,0,85.97414252833127,1136.1642260978456,No,One year,Bank transfer,Yes,1
930,Male,25,8,98.1081422617659,668.1547751784926,No,Month-to-month,Bank transfer,No,1
931,Male,29,24,55.32877032306926,1013.8829237012219,Fiber optic,Two year,Credit card,Yes,1
932,Female,40,72,52.75666165690359,1390.1512273688963,DSL,Month-to-month,Credit card,Yes,1
933,Male,35,45,74.82415330823993,2266.2332915783245,DSL,One year,Credit card,No,0
934,Male,42,0,57.83941240506027,1666.0826811205006,DSL,Two year,Bank transfer,Yes,0
935,Female,45,54,62.212055986735315,1746.1413227208911,DSL,Two year,Electronic check,Yes,1
936,Male,52,36,79.79306303449343,623.5844889235501,Fiber optic,Month-to-month,Credit card,Yes,1
937,Female,43,36,26.812878249854144,795.3967283178158,DSL,One year,Mailed check,Yes,0
938,Male,52,14,91.36604649705339,2938.9800146810494,No,Month-to-month,Credit card,Yes,1
939,Female,45,12,66.45361048658683,911.8391721894027,No,Month-to-month,Bank transfer,No,0
940,Female,18,8,56.770137108756394,2824.966601645837,DSL,One year,Credit card,Yes,0
941,Female,30,1,63.21531691557102,1305.5510408953069,No,One year,Electronic check,Yes,0
942,Male,42,6,64.24858710041038,1501.8303489148032,Fiber optic,Month-to-month,Credit card,No,1
943,Female,26,6,30.37597393110149,2356.292128183944,DSL,Two year,Bank transfer,No,1
944,Male,53,15,94.89876454906472,2517.513937550925,DSL,Month-to-month,Bank transfer,No,1
945,Male,67,33,65.82651264541236,1411.34995177673,Fiber optic,Two year,Mailed check,Yes,0
946,Male,63,15,73.86004260894751,1189.405557182769,No,Month-to-month,Bank transfer,Yes,0
947,Male,41,1,84.03099541148086,1455.2636411822295,Fiber optic,One year,Mailed check,Yes,0
948,Female,67,72,44.57675084879399,1770.3660225856947,Fiber optic,Two year,Electronic check,Yes,0
949,Female,47,68,74.46943798070457,2213.0429494958044,No,One year,Bank transfer,No,0
950,Male,39,36,59.64717818202413,1503.3838871953212,Fiber optic,One year,Credit card,No,0
951,Male,35,72,81.93541550432988,1995.109038418523,No,One year,Electronic check,Yes,0
952,Female,40,18,22.455451592970093,2810.6877858167527,No,One year,Credit card,Yes,0
953,Male,39,72,63.01811399517462,1805.0476898118277,Fiber optic,One year,Credit card,Yes,0
954,Female,47,1,52.943586884320766,1749.3222848038226,No,Month-to-month,Credit card,Yes,1
955,Male,47,10,73.64525901268311,284.87133992794566,Fiber optic,Two year,Electronic check,No,1
956,Male,45,6,74.40088374736405,-604.5841094632506,No,Month-to-month,Electronic check,No,1
957,Female,51,5,50.84748210355948,1810.7005833841347,DSL,Month-to-month,Bank transfer,Yes,1
958,Male,62,3,50.756522716479125,1424.1406149753022,No,Month-to-month,Credit card,No,1
959,Female,59,23,62.78669262885341,1088.1738600682065,No,One year,Mailed check,Yes,0
960,Male,22,36,47.06715545369583,1694.8241633490757,Fiber optic,Month-to-month,Bank transfer,Yes,1
961,Male,18,20,81.83967390904255,1451.6770166424733,No,Two year,Electronic check,No,1
962,Male,59,3,57.61585599105108,2402.224200507119,DSL,Month-to-month,Mailed check,Yes,1
963,Female,24,39,6.86023561356717,1568.8886946071823,DSL,One year,Electronic check,No,0
964,Male,41,24,57.503558867563875,902.461371943866,No,Two year,Mailed check,Yes,0
965,Male,27,11,44.229123583120554,2292.132991167431,No,Two year,Bank transfer,No,1
966,Male,18,26,32.37448369078109,1326.295140043038,DSL,Two year,Mailed check,Yes,0
967,Male,53,7,40.251467235548546,1921.2293469378455,Fiber optic,Two year,Bank transfer,No,0
968,Female,56,10,67.18816943665941,1118.0714350457597,DSL,Month-to-month,Electronic check,Yes,1
969,Female,36,59,91.57281656496463,980.1384916020509,DSL,One year,Mailed check,Yes,0
970,Male,18,8,71.26368947729961,1567.3345841485568,No,Two year,Credit card,No,0
971,Female,36,15,52.869932235685205,1510.262914834948,No,Two year,Credit card,Yes,0
972,Male,50,53,74.11808390341406,1883.8616282934663,DSL,One year,Electronic check,No,0
973,Male,22,29,55.81819379562016,1285.083397352206,Fiber optic,Month-to-month,Mailed check,No,1
974,Male,47,1,51.10799261673711,30.91217298368224,DSL,Two year,Credit card,Yes,0
975,Female,44,3,41.91274663534031,1153.780893129289,DSL,Month-to-month,Bank transfer,Yes,1
976,Female,53,0,29.96342386496562,2135.0547737150528,Fiber optic,Month-to-month,Mailed check,Yes,1
977,Female,46,23,57.201525868811096,1262.0991366055148,DSL,Month-to-month,Mailed check,Yes,1
978,Female,30,14,68.16106979840264,1302.8932779883617,DSL,Month-to-month,Credit card,No,0
979,Female,62,3,63.067526599702205,2289.1012047247496,No,Two year,Bank transfer,Yes,1
980,Female,42,72,56.68066144105283,930.4214181928618,Fiber optic,Two year,Bank transfer,Yes,0
981,Female,44,18,46.08507878606438,265.75742540568035,No,Month-to-month,Bank transfer,Yes,1
982,Female,31,6,77.16492383369938,1371.4951043796045,No,Month-to-month,Mailed check,No,1
983,Female,38,16,38.6573616010683,1112.6608390010103,Fiber optic,One year,Electronic check,Yes,0
984,Male,31,27,80.52055827686951,727.0029441973968,Fiber optic,One year,Mailed check,No,0
985,Female,42,1,44.9556596214655,1359.6972352810474,DSL,One year,Mailed check,Yes,0
986,Female,70,7,49.9512952529393,1893.204517797427,No,Two year,Credit card,No,0
987,Female,24,39,35.66429618768646,1492.5691507457475,Fiber optic,One year,Electronic check,Yes,1
988,Female,20,14,54.97195706228727,1745.5848581489902,No,Two year,Bank transfer,Yes,1
989,Female,67,18,84.50624916955958,2950.7261588123383,No,Two year,Credit card,No,1
990,Female,41,13,75.31256176887914,1225.6969107539487,Fiber optic,Two year,Mailed check,Yes,0
991,Female,34,1,84.5684422405607,1722.6789077157357,DSL,Two year,Electronic check,Yes,1
992,Female,60,4,75.44285091867872,1092.6293099206923,No,One year,Bank transfer,Yes,0
993,Female,35,14,42.926603429392614,822.9122240904217,Fiber optic,Month-to-month,Bank transfer,No,0
994,Female,72,5,58.38421551344885,1032.0738772657842,DSL,Month-to-month,Mailed check,Yes,1
995,Female,55,1,49.39601741765075,1116.993142782649,No,Month-to-month,Bank transfer,No,1
996,Male,37,44,91.6114980807808,1787.5806380377005,Fiber optic,One year,Bank transfer,No,0
997,Male,77,72,41.064227071473766,3379.260629360606,No,Month-to-month,Electronic check,No,0
998,Female,35,37,82.87395378778221,927.1652509793278,Fiber optic,One year,Credit card,Yes,0
999,Female,56,46,82.85907740217539,1166.69975550763,Fiber optic,One year,Electronic check,No,1
1000,Male,49,6,101.59240403432175,1449.5015895110014,No,One year,Credit card,No,1
